CODIGO,PRECIO IVA INCLUIDO,
ACBOARD2L20WNW,$ 323.51,
ACBOARD2L20WW,$ 323.51,
ACBOARD2L20WWW,$ 323.51,
ACBOARD50NW,$ 236.40,
ACBOARD50W,$ 236.40,
ACBOARD50WW,$ 236.40,
ACCAB4WTLRGB,$ 75.41,
ACCABTLCCT,$ 60.33,
ACCON9MM,$ 87.10,
ACCON9MM,$ 87.10,
ACCONCCT127V,"$ 1,286.90",
ACCONTL28355050,$ 87.10,
ACCONTLCOB,$ 87.10,
ACCONTLRGBRF,"$ 1,005.93",
ACCOPTLCCT,$ 69.62,
ACCOPTLCRGB,$ 87.02,
ACCOPTLRGB,$ 82.38,
ACCP606040WWE,$ 178.71,
ACDIFILUDXA1812,$ 559.93,
ACDIFILUDXA2512,$ 559.93,
ACE25M2835WW120R,"$ 2,426.39",
ACENDCAPTLRGB,$ 8.71,
ACGRAPATLRGB,$ 8.68,
ACGRAPTL28355050,$ 11.14,
ACGRAPTL9MM,$ 11.14,
ACGRAPTL9MM,$ 11.14,
ACGRAPTLCOB,$ 11.14,
ACLECHDXAP01,$ 86.95,
ACLECHDXAP01N,$ 94.98,
ACLECHDXAP02,$ 116.23,
ACLECHDXAP02N,$ 116.23,
ACLEDXA010206CO,$ 755.38,
ACLEDXA010206CON,$ 777.21,
ACOPLTLC28355050,$ 104.19,
ACOPLTLC2835CCT,$ 87.02,
ACOPLTLC9MM,$ 104.19,
ACOPLTLC9MM,$ 104.19,
ACOPLTLCCOB,$ 104.19,
ACOPLTLF28355050,$ 79.88,
ACOPLTLF9MM,$ 79.88,
ACOPLTLF9MM,$ 79.88,
ACOPLTLFCOB,$ 79.88,
ACRDIFDXAP06,$ 116.23,
ACRDIFDXAP06N,$ 132.03,
ACRDIFDXAP06N,$ 132.03,
ACT9MM2835NW120R,"$ 5,722.36",
ACT9MM2835NW120R,"$ 5,722.36",
ACT9MM2835W120R,"$ 5,722.36",
ACT9MM2835W120R,"$ 5,722.36",
ACT9MM2835WW120R,"$ 5,722.36",
ACT9MM2835WW120R,"$ 5,722.36",
ACTL2835CCT120R,"$ 3,671.47",
ACTLPB283518120R,"$ 7,300.77",
ACTLPB2835NW120R,"$ 7,300.77",
ACTLPB2835NW60R,"$ 6,083.98",
ACTLPB2835W120R,"$ 7,300.77",
ACTLPB2835W60R,"$ 6,083.98",
ACTLPB2835WW120R,"$ 7,300.77",
ACTLPB2835WW60R,"$ 6,083.98",
ACTLPB5050W60R,"$ 7,483.11",
ACTLPB5050WW60R,"$ 7,483.11",
ACTLPBCOBWW320R,"$ 3,266.29",
ACTLPE2835WW120R,"$ 4,879.94",
AR11111W27,$ 491.39,
AR11111W27,$ 491.39,
AR11111WNW,$ 491.39,
AR11111WNW,$ 491.39,
BADAGESKYLINEMT,$ 74.66,
BADAGESKYLINEMTB,$ 46.41,
BASE90283X1000D,"$ 12,455.09",
BASE90284X1000D,"$ 15,839.72",
BASE9028R800D,"$ 9,360.61",
BASINFHMZBD,$ 373.29,
BASINFMICROTB,"$ 1,313.05",
BASLATDMICROTB,$ 84.86,
BASLATHMZBD,$ 248.85,
BASLATMICROTB,$ 60.61,
BASUPHMZBD,$ 186.64,
BELDENCAT5301FE,$ 48.53,
CAB3WWNHMZBD,$ 967.48,
CABB22RGB,$ 62.21,
CABSUB4X18,$ 137.90,
CABT22,$ 61.20,
CANOTRACPC100B,$ 59.73,
CANOTRACPC55190B,$ 51.01,
CANOTRACPC5588B,$ 42.30,
CANOTRACPC85B,$ 42.30,
CASBRUSH360,$ .00,
CASCHROME360,$ .00,
CASGOLD360,$ .00,
CI180LED048B,$ .00,
CI180LED048BKIT,$ 141.85,
CI180LED048BN,$ .00,
CL135LED048PCB,$ 945.68,
CL150LED048PCB,$ 945.68,
CL60LED048PCB,$ 945.68,
CL90LED048B,$ 497.73,
CL90LED048PCB,$ 622.07,
CLIPLA28351M,$ 129.73,
CON0004,$ 14.93,
CON0007,$ 13.69,
CON30CMSILUINT,$ 20.88,
CON5.1HEMBRA,$ 26.91,
CON5.1MACHO,$ 26.91,
CON505048KIT,$ 208.09,
CON505048KIT,$ 208.09,
CONCAJA5050,$ 25.36,
CONECTOR 4 P-H,$ 128.15,
CONECTOR 4 P-M,$ 128.15,
CONGABH,$ 63.46,
CONGABM,$ 63.46,
CONINTB150CMBB,$ 57.23,
CONINTB150CMBB,$ 57.23,
CONINTB150CMBN,$ 57.23,
CONINTB150CMBN,$ 57.23,
CONINTG150CM,$ 151.82,
CONINTG30CM,$ 67.63,
CONINTGMM,$ 224.97,
CONLAT10MM,$ 15.32,
CONLAT5MM,$ 15.32,
CONLAT8MM,$ 15.32,
CONLATRGB,$ 21.13,
CONLATRGB,$ 21.13,
CONLATRGBCOB,$ 22.98,
CONLATRGBCOB,$ 22.98,
CONLATRGBW,$ 21.14,
CONLATRGBW,$ 21.14,
CONPAR30AR111,$ 19.99,
COP1015B90FR,$ 271.23,
COP1015B90IN,$ 271.23,
COP10MM,$ 7.51,
COP10MM,$ 7.51,
COP10MMCAB,$ 22.36,
COP10MMCAB,$ 22.36,
COP5015B90FR,$ 313.56,
COP5015B90IN,$ 313.56,
COP512COB90HW,$ 87.10,
COP512COB90HWW,$ 87.10,
COP512COB90HZ,$ 87.10,
COP5MM,$ 7.51,
COP5MM,$ 7.51,
COP5MMCAB,$ 22.36,
COP5MMCAB,$ 22.36,
COP8MM,$ 7.51,
COP8MM,$ 7.51,
COP8MMCAB,$ 22.36,
COP8MMCAB,$ 22.36,
COPL10MM,$ 16.84,
COPL10MM,$ 16.84,
COPL8MM,$ 16.84,
COPL8MM,$ 16.84,
COPLE120PA1911,$ 37.49,
COPLE120PA240304,$ 37.49,
COPLE180DXA19,$ 37.49,
COPLE180DXA19N,$ 39.76,
COPLE180DXA19N,$ 39.76,
COPLE180PA1911,$ 37.49,
COPLE180PA240304,$ 37.49,
COPLE90PA1911,$ 37.49,
COPLE90PA240304,$ 37.49,
COPLEMICROT180B,$ 121.23,
COPLEMICROT90B,$ 145.47,
COPLENANO180,$ 37.33,
COPLENANOT180B,$ 136.87,
COPLENANOTCAB,$ 124.42,
COPLENANOTMMCAB,$ 248.85,
COPLEPA3535NFL,$ 57.32,
COPLEPA3535NFL,$ 57.32,
COPMINI30B180,$ 31.12,
COPMINI30B90H,$ 88.36,
COPMINI30B90V,$ 42.43,
COPMINI30BTH,$ 121.97,
COPMINI30BXH,$ 144.38,
COPMINI30W180,$ 31.12,
COPMINI30W90H,$ 88.36,
COPMINI30W90V,$ 42.43,
COPMINI30WTH,$ 121.97,
COPMINI30WXH,$ 144.38,
COPRGB,$ 107.24,
COPRGB,$ 107.24,
COPRGBCAB,$ 29.42,
COPRGBCAB,$ 29.42,
COPRGBCOB,$ 107.24,
COPRGBCOB,$ 107.24,
COPRGBWCAB,$ 29.88,
COPRGBWCAB,$ 29.88,
CP100W,$ 457.87,
CP150W,$ 472.99,
CP200W,$ 547.60,
CP240W,$ 746.58,
CP24100WHPFMV,"$ 1,238.01",
CP360WE,"$ 1,536.63",
CP60W,$ 324.85,
CPA241.5E,$ 273.73,
CPGAB100W,$ 985.44,
CPGAB60W,$ 793.83,
CPSLIM120WIP67,$ 407.39,
CPSLIM120WIP67,$ 407.39,
CPSLIM36WIP67,$ 241.24,
CPSLIM72WIP67,$ 328.33,
DD15A244584300E,$ 192.86,
DD204030012W,$ 435.47,
DD204060020W,$ 497.66,
DD254230010W,$ 603.48,
DD3W24600E,$ 172.94,
DD3W911300E,$ 169.21,
DD406050035WĀ,$ 746.58,
DD407030018W,$ 607.19,
DD5A18W1562300E,$ 323.09,
DD9243007W,$ 553.67,
DD92660015W,$ 560.16,
DHPFMV11W350,$ 391.96,
DHPFMV3W350,$ 248.69,
DHPFMV3W700,$ 248.69,
DHPFMV6W350,$ 317.30,
DXA19,$ .00,
DXA19KIT.,$ 729.68,
DXA19N,$ .00,
DXA19NKIT.,"$ 1,061.80",
DXAP01,$ .00,
DXAP01KIT.,$ 367.62,
DXAP01N,$ .00,
DXAP01NKIT.,$ 379.92,
DXAP02,$ .00,
DXAP02KIT.,$ 367.62,
DXAP02N,$ .00,
DXAP02NKIT.,$ 388.17,
DXAP06,$ .00,
DXAP06KIT.,$ 367.62,
DXAP06N,$ .00,
DXAP06NKIT.,$ 393.98,
DXAP06NKIT.,$ 393.98,
ECAPACTL28355050,$ 4.14,
ECAPACTL9MM,$ 4.14,
ECAPACTL9MM,$ 4.14,
ECAPACTLCOB,$ 4.14,
ENCAP0410,$ 105.75,
ENCAP0612,$ 105.75,
ENCAPDXA19,$ 27.95,
ENCAPDXA19N,$ 24.67,
ENCAPDXA19N,$ 24.67,
ENCAPHOLE0410,$ 105.75,
ENCAPHOLE0612,$ 105.75,
ENDCAP1612,$ 19.32,
ENDCAP1612N,$ 18.66,
ENDCAP2624SS,$ 22.49,
ENDCAP2651SS,$ 22.49,
ENDCAP283548,$ 15.28,
ENDCAP283548,$ 15.28,
ENDCAP505048,$ 22.03,
ENDCAP505048,$ 22.03,
ENDCAP6246EMP,$ 22.49,
ENDCAP6246ETRIM,$ 22.49,
ENDCAPDXAP01.,$ 21.74,
ENDCAPDXAP01N,$ 19.99,
ENDCAPDXAP02.,$ 27.95,
ENDCAPDXAP02N,$ 27.96,
ENDCAPDXAP06.,$ 27.95,
ENDCAPDXAP06N.,$ 30.54,
ENDCAPDXAP06N.,$ 30.54,
ENDCAPH283548,$ 15.28,
ENDCAPH283548,$ 15.28,
ENDCAPH505048,$ 21.76,
ENDCAPH505048,$ 21.76,
ENDCAPHI283548,$ 15.28,
ENDCAPHI283548,$ 15.28,
ENDCAPHS283548,$ 15.28,
ENDCAPHS283548,$ 15.28,
ENDCAPINTG,$ 27.60,
ENDCAPMICROTB,$ 122.47,
ENDCAPMINI30B,$ 33.12,
ENDCAPMINI30W,$ 33.12,
ENDCAPTRACKITB,$ 75.44,
ENDCAPTRACKITB,$ 75.44,
ENDCAPTRACKITW,$ 75.44,
ENDCAPTRACKITW,$ 75.44,
FP100W24EXT,"$ 1,530.49",
FP200W24EXT,"$ 2,132.43",
FP30W12EXT,$ 434.55,
FP30W24EXT,$ 434.55,
FPC100W,$ 387.02,
FPC100W,$ 387.02,
FPC200W,$ 516.01,
FPC200W,$ 516.01,
FPC60W,$ 302.83,
FPC60W,$ 302.83,
G92.5WWCE,$ 60.97,
G92.5WWWCE,$ 60.97,
G95WDIMWWC,$ 115.34,
GRAPA0806,$ 26.09,
GRAPA0806N,$ 27.95,
GRAPA1207,$ 27.95,
GRAPA1616,$ 17.42,
GRAPA1616N,$ 18.66,
GRAPA1722,$ 18.74,
GRAPA1806,$ 21.52,
GRAPA1806N,$ 33.85,
GRAPA1911P,$ 18.66,
GRAPA2018,$ 24.02,
GRAPA2210,$ 27.95,
GRAPA2213,$ 13.69,
GRAPA3535,$ 40.61,
GRAPA3551,$ 46.41,
GRAPA5175,$ 37.33,
GRAPA525,$ 14.98,
GRAPADXA1812,$ 16.82,
GRAPADXA19,$ 26.92,
GRAPADXA19N,$ 36.61,
GRAPADXA19N,$ 36.61,
GRAPADXA2512,$ 16.82,
GRAPADXAP01,$ 17.42,
GRAPADXAP01N,$ 18.66,
GRAPADXAP02,$ 17.42,
GRAPADXAP02N,$ 18.66,
GRAPADXAP06,$ 17.42,
GRAPADXAP06N,$ 37.72,
GRAPADXAP06N,$ 37.72,
GRAPAILUPA07,$ 20.18,
GRAPAILUPA07A,$ 14.98,
GRAPAILUPA07N,$ 56.58,
GRAPAILUPA07N,$ 56.58,
GRAPAILUPA1005,$ 17.51,
GRAPAILUPA1009,$ 17.51,
GRAPAILUPA1205,$ 17.87,
GRAPAILUPA1402,$ 24.14,
GRAPAILUPA191,$ 32.45,
GRAPAILUPA2310,$ 17.37,
GRAPAILUPA2403CO,$ 21.15,
GRAPAILUPA2404CO,$ 21.15,
GRAPALA0410,$ 29.86,
GRAPALA0612,$ 22.40,
GRAPALA2835,$ 33.12,
GRAPAPA1612,$ 20.42,
GRPAILUPA2403CON,$ 40.72,
GRPAILUPA2403CON,$ 40.72,
GRPAILUPA2404CON,$ 40.72,
GRPAILUPA2404CON,$ 40.72,
GU105WDNWE,$ 67.68,
GU105WDWE,$ 67.68,
GU105WDWWE,$ 67.68,
GU107WNWE,$ 38.67,
GU107WW3860,$ 81.22,
GU107WWE,$ 38.67,
GU107WWW3860,$ 81.22,
GU107WWWE,$ 38.67,
GU109WDNW,$ 83.16,
GU109WDW,$ 83.16,
GU109WDWW,$ 83.16,
GU109WNW,$ 55.38,
GU109WW,$ 55.38,
GU109WWW,$ 55.38,
HYLED350MA03SN,$ 296.13,
HYLED350MA06SN,$ 342.15,
HYLED350MA32V11W,$ 323.51,
HYLED700MA03SN,$ 296.13,
ILU038GU10B,$ 311.86,
ILU038GU10W,$ 311.86,
ILU038RGU10B,$ 311.06,
ILU038RGU10W,$ 311.06,
ILU107IP54,$ 659.40,
ILU12WHONEYB,$ 8.55,
ILU12WHONEYB,$ 8.55,
ILU18WHONEYB,$ 8.95,
ILU18WHONEYB,$ 8.95,
ILU24WHONEYB,$ 15.88,
ILU24WHONEYB,$ 15.88,
ILU2650BPC2WB,$ 267.52,
ILU2650BPC2WW,$ 267.52,
ILU2810PC1WB,$ 226.46,
ILU2810PC1WW,$ 226.46,
ILU2830PC2WB,$ 256.29,
ILU2830PC2WW,$ 256.29,
ILU2840PC3WB,$ 306.39,
ILU2840PC3WW,$ 306.39,
ILU2917GU10DG,"$ 1,032.69",
ILU2NEONST1MWWB,"$ 2,613.03",
ILU366079B,"$ 1,524.11",
ILU366081B,"$ 1,524.11",
ILU366130SB,"$ 1,282.89",
ILU372012B,"$ 1,430.79",
ILU372524W,$ 989.22,
ILU426012WB,$ 990.40,
ILU426012WW,$ 970.55,
ILU506010WBIP54,"$ 1,055.13",
ILU50766WBIP54,$ 566.12,
ILU510110WB,$ 786.12,
ILU510110WW,$ 786.12,
ILU51347WDB,"$ 1,098.61",
ILU55200S5WWWB,$ 882.67,
ILU55300S5WWWB,"$ 1,043.91",
ILU55400S5WWWB,"$ 1,166.30",
ILU60200S5WWWB,"$ 1,007.88",
ILU60300S5WWWB,"$ 1,166.16",
ILU603WCABSE,$ 55.87,
ILU603WRABSE,$ 55.87,
ILU60400S5WWWB,"$ 1,166.16",
ILU60875WB,$ 908.35,
ILU60886WW,"$ 1,070.02",
ILU608BRDIRE,$ 188.37,
ILU610WRE,$ 105.14,
ILU611WCDIRE,$ 169.97,
ILU611WRDIRE,$ 169.97,
ILU8010B,$ 919.52,
ILU8010W,$ 919.52,
ILU8020B,"$ 1,068.84",
ILU8020W,"$ 1,068.84",
ILU8030B,"$ 1,148.46",
ILU8030W,"$ 1,191.93",
ILU8032IP54,$ 576.12,
ILU8040B,"$ 1,311.48",
ILU8040W,"$ 1,311.48",
ILU8050W,"$ 1,442.13",
ILU8060W,"$ 1,646.02",
ILU904414,"$ 11,833.06",
ILU9081ALW120N,"$ 2,177.37",
ILU9081ALW60N,"$ 1,602.55",
ILU9081ALW90N,"$ 1,723.28",
ILU9081ASW120N,"$ 2,177.37",
ILU9081ASW60N,"$ 1,602.55",
ILU9081ASW90N,"$ 1,723.28",
ILU9081B1ESF,"$ 1,067.46",
ILU9081B3ESF,"$ 2,925.31",
ILU9081BCOL37,"$ 1,403.84",
ILU9081BCOL60,"$ 1,856.33",
ILU9081BCOL72,"$ 1,493.77",
ILU9081BCOLN,"$ 1,188.27",
ILU9081BESF70,"$ 1,115.85",
ILU9081PIE,"$ 2,559.40",
ILU9081SBN,"$ 2,488.52",
ILU9081W60N,"$ 1,785.41",
ILUAMPPIXEL,$ 712.34,
ILUAMPRGBW,$ 320.41,
ILUB01270E27B,$ 933.23,
ILUB0270PC08WB,"$ 1,014.02",
ILUB103710W60DG,"$ 2,488.52",
ILUB1917GU10DG,"$ 2,432.29",
ILUB20CM5WWWCG,"$ 3,468.76",
ILUB64CM5WWWCG,"$ 5,287.01",
ILUB70CM5WWWCG,"$ 5,482.87",
ILUBAS7WWW,$ 650.78,
ILUBASPC5WWW,$ 194.09,
ILUBOXFORGB,"$ 5,236.93",
ILUBULKPC15W,$ 161.48,
ILUBULKPC20W,$ 221.47,
ILUBULKPC8W,$ 139.72,
ILUCAB12V2WNWB,$ 304.82,
ILUCAB12V2WNWN,$ 304.82,
ILUCAB12V2WWWB,$ 304.84,
ILUCAB12V2WWWN,$ 304.84,
ILUCAB130V4WNWB,$ 549.92,
ILUCAB130V4WNWN,$ 549.92,
ILUCASBRUSH360,"$ 1,231.93",
ILUCASCHROME360,"$ 1,523.96",
ILUCASGOLD360,"$ 1,735.27",
ILUCIL2E27IP54B,$ 485.17,
ILUCIL2E27IP54B,$ 485.17,
ILUCIL2GU10IP54B,$ 559.93,
ILUCIL2GU10IP54W,$ 559.93,
ILUCIL2GU10PCB,$ 311.03,
ILUCIL360EBKIT,"$ 1,922.21",
ILUCIL360IB,$ 961.10,
ILUCIRMAG9WB,"$ 1,092.46",
ILUCOMAG180EMP,$ 51.13,
ILUCOMAG180SS,$ 47.10,
ILUCOMAGHOR2624,$ 199.95,
ILUCOMAGHOR2651,$ 199.95,
ILUCOMAGHOREMP,$ 199.95,
ILUCOMAGHORTRIM,$ 224.95,
ILUCOMAGVER2651,$ 237.43,
ILUCOMAGVEREMP,$ 199.95,
ILUCOMAGVERTRIM,$ 237.43,
ILUCON2GPIXEL,$ 989.22,
ILUCON2GRGBW,$ 796.36,
ILUCONB90HNWB,$ 912.94,
ILUCONB90HNWB,$ 912.94,
ILUCONB90HNWN,$ 912.94,
ILUCONB90HNWN,$ 912.94,
ILUCONB90HWWB,$ 912.94,
ILUCONB90HWWB,$ 912.94,
ILUCONB90HWWN,$ 912.94,
ILUCONB90HWWN,$ 912.94,
ILUCONBCRHNWB,"$ 1,209.54",
ILUCONBCRHNWB,"$ 1,209.54",
ILUCONBCRHNWN,"$ 1,209.54",
ILUCONBCRHNWN,"$ 1,209.54",
ILUCONBCRHWWB,"$ 1,209.54",
ILUCONBCRHWWB,"$ 1,209.54",
ILUCONBCRHWWN,"$ 1,209.54",
ILUCONBCRHWWN,"$ 1,209.54",
ILUCONBTHNWB,"$ 1,061.62",
ILUCONBTHNWB,"$ 1,061.62",
ILUCONBTHNWN,"$ 1,061.62",
ILUCONBTHNWN,"$ 1,061.62",
ILUCONBTHWWB,"$ 1,061.62",
ILUCONBTHWWB,"$ 1,061.62",
ILUCONBTHWWN,"$ 1,061.62",
ILUCONBTHWWN,"$ 1,061.62",
ILUCONBXHNWB,"$ 1,296.68",
ILUCONBXHNWB,"$ 1,296.68",
ILUCONBXHNWN,"$ 1,296.68",
ILUCONBXHNWN,"$ 1,296.68",
ILUCONBXHWWB,"$ 1,296.68",
ILUCONBXHWWB,"$ 1,296.68",
ILUCONBXHWWN,"$ 1,296.68",
ILUCONBXHWWN,"$ 1,296.68",
ILUCONCRE4.5W06,"$ 1,217.02",
ILUCONCRE4.5W07,$ 920.70,
ILUCONCREE1402,$ 814.03,
ILUCONCREE1403,$ 814.03,
ILUCONG90HNW,$ 434.24,
ILUCONG90HWW,$ 434.24,
ILUCONGTHNW,$ 525.09,
ILUCONGTHWW,$ 525.09,
ILUCONGXHNW,$ 661.95,
ILUCONGXHWW,$ 661.95,
ILUCONO17E27BE,$ 485.28,
ILUCONSPMR6WWWB,"$ 1,119.87",
ILUCONSTAIRAPP,"$ 2,711.08",
ILUCONWS,$ 110.00,
ILUCONWS120HT,$ 48.54,
ILUCONWS180HT,$ 48.54,
ILUCONWS90HT,$ 48.54,
ILUCONWSTHT,$ 48.54,
ILUCONWSXHT,$ 48.54,
ILUCONWSYHT,$ 48.54,
ILUCOPLE90RIELB,$ 64.07,
ILUCOPLE90RIELW,$ 64.07,
ILUCOPLETLARIELB,$ 64.07,
ILUCOPLETLARIELW,$ 64.07,
ILUCOPLETRIELB,$ 90.68,
ILUCOPLETRIELW,$ 90.68,
ILUCOPLEXRIELB,$ 99.23,
ILUCOPLEXRIELW,$ 99.23,
ILUCOPMAG180,$ 108.48,
ILUCOPMAG360HB,$ 426.11,
ILUCOPMAGCAB,$ 104.14,
ILUCOPMAGMMCAB,$ 151.87,
ILUCOPMAGMMCABS,$ 158.79,
ILUDA5EN11002467,"$ 1,846.37",
ILUDA5EN1100W24,"$ 1,219.34",
ILUDA5EN12002467,"$ 2,600.27",
ILUDA5EN1200W24,"$ 1,698.47",
ILUDA5EN1200W48,"$ 1,966.01",
ILUDA5EN1350W24,"$ 2,613.03",
ILUDA5EN160W24,"$ 1,070.02",
ILUDA5EN160W2467,"$ 1,580.10",
ILUDIM002HOLD,$ 354.63,
ILUDIMPA011,$ 337.07,
ILUDMX512RGBW,"$ 1,087.15",
ILUDOWN12W24DNW,$ 334.15,
ILUDOWN12W24DWW,$ 334.15,
ILUDOWN21ACBW,$ 92.07,
ILUDOWN21ACBWW,$ 92.07,
ILUDOWN21ACWWW,$ 92.07,
ILUDOWN22ARBW,$ 92.82,
ILUDOWN22ARBWW,$ 92.82,
ILUDOWN22ARWW,$ 92.82,
ILUDOWN22ARWWW,$ 92.82,
ILUDOWNCCT12WHO,$ 296.08,
ILUDOWNCCT12WHO,$ 296.08,
ILUDOWNCCT12WHOB,$ 296.08,
ILUDOWNCCT12WHOB,$ 296.08,
ILUDOWNCCT18WHO,$ 368.24,
ILUDOWNCCT18WHO,$ 368.24,
ILUDOWNCCT18WHOB,$ 368.24,
ILUDOWNCCT18WHOB,$ 368.24,
ILUDOWNCCT24WHO,$ 488.97,
ILUDOWNCCT24WHO,$ 488.97,
ILUDOWNCCT24WHOB,$ 488.97,
ILUDOWNCCT24WHOB,$ 488.97,
ILUDOWNCCT7W,$ 114.86,
ILUDOWNCPC12WNW,$ 276.15,
ILUDOWNCPC12WWW,$ 276.15,
ILUDOWNCYR12WNW,$ 279.93,
ILUDOWNCYR12WNW,$ 279.93,
ILUDOWNCYR12WWW,$ 279.93,
ILUDOWNCYR12WWW,$ 279.93,
ILUDOWNCYR18WNW,$ 354.58,
ILUDOWNCYR18WNW,$ 354.58,
ILUDOWNCYR18WWW,$ 354.58,
ILUDOWNCYR18WWW,$ 354.58,
ILUDOWNCYR24WNW,$ 421.73,
ILUDOWNCYR24WNW,$ 421.73,
ILUDOWNCYR24WWW,$ 421.73,
ILUDOWNCYR24WWW,$ 421.73,
ILUDOWNDUAL15WW,$ 180.41,
ILUDOWNDUAL15WWW,$ 180.41,
ILUDOWNDUAL22WW,$ 294.90,
ILUDOWNDUAL22WWW,$ 294.90,
ILUDOWNDUAL32WW,$ 342.15,
ILUDOWNDUAL32WWW,$ 342.15,
ILUDOWNDUAL9WW,$ 107.00,
ILUDOWNDUAL9WWW,$ 107.00,
ILUDOWNOP18WWE,$ 198.41,
ILUDOWNP12WNWDE,$ 250.98,
ILUDOWNP12WWDE,$ 250.98,
ILUDOWNP12WWE,$ 203.05,
ILUDOWNP12WWWDE,$ 250.98,
ILUDOWNP12WWWE,$ 203.05,
ILUDOWNP6WWDE,$ 186.80,
ILUDOWNP6WWE,$ 179.08,
ILUDOWNP6WWWDE,$ 186.80,
ILUDOWNP6WWWE,$ 179.08,
ILUDOWNP9WNWDE,$ 231.53,
ILUDOWNP9WWDE,$ 231.53,
ILUDOWNP9WWE,$ 195.17,
ILUDOWNP9WWWDE,$ 231.53,
ILUDOWNP9WWWE,$ 195.17,
ILUDOWNPB12WWDE,$ 250.63,
ILUDOWNPB12WWE,$ 238.78,
ILUDOWNPB12WWWDE,$ 250.63,
ILUDOWNPB12WWWE,$ 238.78,
ILUDOWNPB6WWDE,$ 216.90,
ILUDOWNPB6WWE,$ 168.24,
ILUDOWNPB6WWWDE,$ 216.90,
ILUDOWNPB6WWWE,$ 168.24,
ILUDOWNR24WNW,$ 609.41,
ILUDOWNRPC12WNW,$ 276.15,
ILUDOWNRPC12WWW,$ 276.15,
ILUDOWNRPC5WWWB,$ 77.14,
ILUDOWNRPC5WWWW,$ 77.14,
ILUDOWNTH337WWE,$ 189.11,
ILUDRIVEME40W,$ 808.72,
ILUDWBOXNWSOB,$ 171.82,
ILUDWBOXNWSOB,$ 171.82,
ILUDWBOXNWSUS,$ 171.82,
ILUDWBOXNWSUS,$ 171.82,
ILUDWBOXWWSOB,$ 171.82,
ILUDWBOXWWSOB,$ 171.82,
ILUDWBOXWWSUS,$ 171.82,
ILUDWBOXWWSUS,$ 171.82,
ILUDWCOP2LNWSOB,$ 223.58,
ILUDWCOP2LNWSOB,$ 223.58,
ILUDWCOP2LNWSUS,$ 527.06,
ILUDWCOP2LNWSUS,$ 527.06,
ILUDWCOP2LWWSOB,$ 223.58,
ILUDWCOP2LWWSOB,$ 223.58,
ILUDWCOP2LWWSUS,$ 527.06,
ILUDWCOP2LWWSUS,$ 527.06,
ILUDWCOP3LNWSOB,$ 280.67,
ILUDWCOP3LNWSOB,$ 280.67,
ILUDWCOP3LNWSUS,$ 280.67,
ILUDWCOP3LNWSUS,$ 280.67,
ILUDWCOP3LWWSOB,$ 280.67,
ILUDWCOP3LWWSOB,$ 280.67,
ILUDWCOP3LWWSUS,$ 280.67,
ILUDWCOP3LWWSUS,$ 280.67,
ILUDWCOPZZNWSOB,$ 235.76,
ILUDWCOPZZNWSOB,$ 235.76,
ILUDWCOPZZNWSUS,$ 223.68,
ILUDWCOPZZNWSUS,$ 223.68,
ILUDWCOPZZWWSOB,$ 235.76,
ILUDWCOPZZWWSOB,$ 235.76,
ILUDWCOPZZWWSUS,$ 223.68,
ILUDWCOPZZWWSUS,$ 223.68,
ILUDXA1812,$ .00,
ILUDXA1812KIT.,"$ 1,506.36",
ILUDXA2512,$ .00,
ILUDXA2512KIT.,"$ 1,724.46",
ILUDXB60911,"$ 1,474.74",
ILUDXB90131,"$ 2,489.90",
ILUDXX7010B48NW,"$ 1,144.68",
ILUDXX7010B48WW,"$ 1,144.68",
ILUDXX7012B55NW,"$ 1,144.68",
ILUDXX7012B55WW,"$ 1,144.68",
ILUEDTDFC6143,"$ 1,167.12",
ILUEDY21,$ 196.59,
ILUELICORMAG10W,"$ 6,114.98",
ILUEMPLE10455WWW,$ 858.45,
ILUEMPLE10459WWW,"$ 1,214.37",
ILUEMPLENS12WWW,$ 611.11,
ILUEMPLENS12WWW,$ 611.11,
ILUEMPLENS3WWW,$ 319.12,
ILUEMPLENS5WWW,$ 387.03,
ILUEMPLENS5WWW,$ 387.03,
ILUEMPT5WWW,$ 560.05,
ILUENDCAHNEON360,$ 31.88,
ILUENDCAPNEON360,$ 31.88,
ILUEP10WHONWW,$ 759.24,
ILUEP15WHONWW,"$ 1,120.33",
ILUEP1WWW,$ 348.51,
ILUEP3WWW,$ 478.78,
ILUEP5WHONWW,$ 583.93,
ILUEPL05W,$ 244.06,
ILUEPL1W,$ 271.23,
ILUESF15E27B,$ 646.92,
ILUESF15E27B,$ 646.92,
ILUESF20E27B,$ 634.48,
ILUESF20E27B,$ 634.48,
ILUESFMAG6W,$ 945.68,
ILUESFPC7WBE,$ 270.46,
ILUESFPC7WBE,$ 270.46,
ILUESP50CMC,$ 746.58,
ILUEST1207WWWB,"$ 2,205.95",
ILUEST2051,$ 528.77,
ILUEST205150CM,$ 870.99,
ILUEST5WWW,$ 340.81,
ILUEST603WWWB,"$ 1,499.30",
ILUEST7WWW,$ 650.71,
ILUESTGU10,$ 335.96,
ILUESTPC066012W,$ 684.33,
ILUESTPC5WWW,$ 186.64,
ILUESTPC60506W,$ 567.59,
ILUESTPC9WWW,$ 180.41,
ILUESTPCGU10,$ 149.38,
ILUESTPCGU10,$ 149.38,
ILUEUR01WWB,"$ 1,187.83",
ILUEUR01WWW,"$ 1,187.83",
ILUEUR02WWB,"$ 1,655.80",
ILUEUR02WWW,"$ 1,655.80",
ILUEUR039G9MBCR,"$ 1,579.40",
ILUEUR039G9MBCR,"$ 1,579.40",
ILUEUR039G9MCMR,"$ 1,273.10",
ILUEUR039G9MCMR,"$ 1,273.10",
ILUEUR03WWB,"$ 1,340.70",
ILUEUR04WWB,"$ 2,941.34",
ILUEUR04WWW,"$ 2,941.34",
ILUEUR054G9MBCR,"$ 1,534.70",
ILUEUR054G9MBCR,"$ 1,534.70",
ILUEUR1004G9P,$ 925.84,
ILUEUR1004G9P,$ 925.84,
ILUEUR135MWWBG,"$ 1,671.88",
ILUEUR135MWWBW,"$ 1,532.23",
ILUEUR135SWWBG,"$ 1,490.19",
ILUEUR135SWWBW,"$ 1,346.28",
ILUEUR1360WWB,"$ 1,122.97",
ILUEUR1361WWB,"$ 2,087.70",
ILUEUR1362B,"$ 1,749.15",
ILUEUR1362G,"$ 1,266.88",
ILUEUR1363B,"$ 1,732.34",
ILUEUR1364B,"$ 2,220.59",
ILUEUR1364G,"$ 2,220.59",
ILUEUR136WWB,"$ 1,137.49",
ILUEUR136WWWB,"$ 1,094.30",
ILUEUR1511WWB,"$ 1,160.50",
ILUEUR1511WWW,"$ 1,160.50",
ILUEUR1522WWB,"$ 1,393.81",
ILUEUR1522WWW,"$ 1,393.81",
ILUEUR1US15WWW,"$ 2,764.71",
ILUEUR200287WWWB,"$ 1,062.70",
ILUEUR200439WB,"$ 1,799.82",
ILUEUR20046CG,"$ 1,943.60",
ILUEUR2032WWB,"$ 2,165.44",
ILUEUR203WWB,"$ 1,197.92",
ILUEUR2420WWB,"$ 2,467.94",
ILUEUR2420WWB,"$ 2,467.94",
ILUEUR2426B,"$ 1,763.67",
ILUEUR2426B,"$ 1,763.67",
ILUEUR2426G9P,"$ 1,292.81",
ILUEUR2426G9P,"$ 1,292.81",
ILUEUR2427WWB,"$ 2,469.44",
ILUEUR2427WWB,"$ 2,469.44",
ILUEUR30010CG,$ 861.12,
ILUEUR30010YW,$ 861.12,
ILUEUR30028B,"$ 1,182.24",
ILUEUR3005WWWG,"$ 3,210.86",
ILUEUR4005WWWG,"$ 3,628.06",
ILUEUR41934TB,"$ 2,049.03",
ILUEUR41934TB,"$ 2,049.03",
ILUEUR41936TB,"$ 1,362.12",
ILUEUR41936TB,"$ 1,362.12",
ILUEUR41948TB,"$ 1,451.34",
ILUEUR41948TB,"$ 1,451.34",
ILUEUR41961TB,"$ 1,274.23",
ILUEUR41961TB,"$ 1,274.23",
ILUEUR41962TB,"$ 1,291.59",
ILUEUR41962TB,"$ 1,291.59",
ILUEUR41WWG,"$ 1,466.99",
ILUEUR42WWB,"$ 1,281.40",
ILUEUR42WWG,"$ 1,382.12",
ILUEUR440P7WWW,"$ 1,526.24",
ILUEUR440S7WWW,"$ 1,382.21",
ILUEUR440T7WWW,"$ 1,339.12",
ILUEUR445S8WWW,"$ 1,133.19",
ILUEUR446S25WWW,"$ 1,684.58",
ILUEUR446S51WWW,"$ 2,995.09",
ILUEUR446S51WWW,"$ 2,995.09",
ILUEUR44837WWW,"$ 2,120.89",
ILUEUR44851WWW,"$ 2,980.38",
ILUEUR44851WWW,"$ 2,980.38",
ILUEUR50515WWWB,"$ 1,828.60",
ILUEUR51429WWWB,"$ 2,635.00",
ILUEUR51630WWWB,"$ 2,721.04",
ILUEUR52427WWWB,"$ 1,828.60",
ILUEUR531012WWWB,"$ 1,583.87",
ILUEUR553810WWWB,"$ 1,180.68",
ILUEUR554014WWWB,"$ 1,461.50",
ILUEUR556013WWWB,"$ 1,583.87",
ILUEUR6006WWWG,"$ 1,986.98",
ILUEUR6008CG,$ 875.33,
ILUEUR6008YW,$ 875.33,
ILUEUR6009CG,$ 907.01,
ILUEUR6009YW,$ 907.01,
ILUEUR6065S24WWW,"$ 4,031.77",
ILUEUR609016WWW,"$ 1,498.87",
ILUEUR609016WWW,"$ 1,498.87",
ILUEUR6092P8WWW,"$ 1,717.84",
ILUEUR6092P8WWW,"$ 1,717.84",
ILUEUR72S12WWW,"$ 2,735.89",
ILUEUR72TP12WWW,"$ 2,735.89",
ILUEUR7506CG,$ 977.55,
ILUEUR7506YW,$ 977.55,
ILUEUR7508CG,"$ 1,325.91",
ILUEUR7508YW,"$ 1,325.91",
ILUEUR7513CG,$ 725.57,
ILUEUR7513YW,$ 725.57,
ILUEUR7516CG,$ 768.77,
ILUEUR7516YW,$ 768.77,
ILUEUR7524YW,$ 636.36,
ILUEUR7527YW,$ 856.66,
ILUEUR8003CG,$ 417.58,
ILUEUR8003YW,$ 417.58,
ILUEUR8004CG,$ 339.80,
ILUEUR8004YW,$ 339.80,
ILUEUR8006WWWG,"$ 2,433.04",
ILUEUR8013CG,$ 466.54,
ILUEUR8013YW,$ 466.54,
ILUEUR8015CG,$ 529.80,
ILUEUR8015YW,$ 529.80,
ILUEUR8016CG,$ 820.63,
ILUEUR8016YW,$ 820.63,
ILUEUR8017CG,$ 787.63,
ILUEUR8017YW,$ 787.63,
ILUEUR8019CG,$ 597.51,
ILUEUR8019YW,$ 597.51,
ILUEUR8020CG,$ 927.20,
ILUEUR8020YW,$ 927.20,
ILUEUR8021CG,$ 397.40,
ILUEUR8021YW,$ 397.40,
ILUEUR8022CG,$ 564.43,
ILUEUR8022YW,$ 564.43,
ILUEUR8102G9P,"$ 1,540.65",
ILUEUR8102G9S,"$ 1,627.12",
ILUEUR9028A5CWWD,"$ 1,788.65",
ILUEUR9028A5WWD,"$ 1,511.93",
ILUEUR9028B5CWWD,"$ 1,425.60",
ILUEUR9028D5WWD,$ 966.22,
ILUEUR9028F5WWD,"$ 1,801.51",
ILUEUR9028H5WWD,"$ 1,505.50",
ILUEUR9028J5WWD,"$ 2,015.91",
ILUEUR9028M15WWD,"$ 2,448.14",
ILUEUR9080100WB,"$ 26,671.10",
ILUEURESF08CMCG,$ 960.39,
ILUEURESF12CMCG,"$ 1,108.64",
ILUEURESF21CMCG,"$ 1,088.54",
ILUEURGX6001CG,$ 630.59,
ILUEURGX6001YW,$ 630.59,
ILUEURGX7514CG,$ 770.27,
ILUEURGX7514YW,$ 770.27,
ILUEURMOD36WWB,"$ 1,089.96",
ILUEURMOD37WWBG,"$ 1,058.28",
ILUEURMOD38WWBG,"$ 1,265.56",
ILUEURPAN361B,$ 139.66,
ILUEURPAN362B,$ 210.22,
ILUEURPAN363B,$ 210.22,
ILUEURPAN371B,$ 154.05,
ILUEURPAN371G,$ 293.74,
ILUEURPAN373B,$ 195.83,
ILUEURPAN373G,$ 335.46,
ILUEURPAN374B,$ 210.22,
ILUEURPAN374G,$ 349.87,
ILUEURPAN377B,$ 210.22,
ILUEURPAN377G,$ 349.87,
ILUEURPAN378B,$ 223.16,
ILUEURPAN378G,$ 362.81,
ILUEURPAN379B,$ 223.16,
ILUEURPAN379G,$ 362.81,
ILUEURPAN381B,$ 279.33,
ILUEURPAN381G,$ 419.01,
ILUEURPAN382B,$ 279.33,
ILUEURPAN382G,$ 419.01,
ILUEURS11GU10B,$ 303.83,
ILUEURS16GU10B,$ 365.73,
ILUEURSC105WWWB,$ 567.28,
ILUEURSC205WWWB,$ 669.56,
ILUEURSC305WWWB,$ 729.99,
ILUEURSF0411G9,"$ 1,397.96",
ILUEURSF0411G9,"$ 1,397.96",
ILUEURSF0412G9,"$ 2,015.84",
ILUEURSF0412G9,"$ 2,015.84",
ILUEURSF0413G9,"$ 1,789.51",
ILUEURSF0413G9,"$ 1,789.51",
ILUEURSF0414G9,"$ 2,221.80",
ILUEURSF0414G9,"$ 2,221.80",
ILUEURSF2348WWB,"$ 1,397.96",
ILUEURSF2348WWB,"$ 1,397.96",
ILUEURSF2461WWB,"$ 1,193.51",
ILUEURSF2461WWB,"$ 1,193.51",
ILUEURSF2462WWB,"$ 1,397.96",
ILUEURSF2462WWB,"$ 1,397.96",
ILUEURSF2465G9,$ 925.88,
ILUEURSF2465G9,$ 925.88,
ILUEURSF265WWB,"$ 1,295.73",
ILUEURSF265WWB,"$ 1,295.73",
ILUEURSF266WWB,"$ 2,015.84",
ILUEURSF266WWB,"$ 2,015.84",
ILUEURSF267WWB,"$ 1,645.60",
ILUEURSF267WWB,"$ 1,645.60",
ILUEURTRIM6501W,$ 181.40,
ILUEURTRIM6502W,$ 172.76,
ILUEURTRIM6503W,$ 175.67,
ILUEURTRIM6522W,$ 414.64,
ILUEURTRIM6551W,$ 280.76,
ILUFAROL15E27BE,$ 485.28,
ILUFAROL18E27BE,$ 485.28,
ILUFAROL19E27BE,$ 485.28,
ILUFLOODMR12WNWB,$ 404.37,
ILUFLOODMR12WNWB,$ 404.37,
ILUFLOODMR12WWWB,$ 404.53,
ILUFLOODMR12WWWW,$ 404.53,
ILUFO400P3M075,"$ 3,110.59",
ILUGRAPANEON360,$ 30.43,
ILUGTP3WWWB,$ 447.95,
ILUGY3WWWB,$ 451.66,
ILUINT120NW20WA,$ 432.22,
ILUINT150NW24WA,$ 548.09,
ILUINT60NW10WA,$ 322.54,
ILUINT90NW14WA,$ 372.90,
ILUINTB120CMNWB,"$ 1,192.00",
ILUINTB120CMNWB,"$ 1,192.00",
ILUINTB120CMNWN,"$ 1,192.00",
ILUINTB120CMNWN,"$ 1,192.00",
ILUINTB120CMWWB,"$ 1,192.00",
ILUINTB120CMWWB,"$ 1,192.00",
ILUINTB120CMWWN,"$ 1,192.00",
ILUINTB120CMWWN,"$ 1,192.00",
ILUINTDW26CMCNW,$ 225.90,
ILUINTDW26CMCNW,$ 225.90,
ILUINTDW26CMCWW,$ 225.90,
ILUINTDW26CMCWW,$ 225.90,
ILUINTDW28CMLNW,$ 214.26,
ILUINTDW28CMLNW,$ 214.26,
ILUINTDW28CMLWW,$ 214.26,
ILUINTDW28CMLWW,$ 214.26,
ILUINTDW35CMLNW,$ 241.61,
ILUINTDW35CMLNW,$ 241.61,
ILUINTDW35CMLWW,$ 241.61,
ILUINTDW35CMLWW,$ 241.61,
ILUINTDW38CMCNW,$ 268.87,
ILUINTDW38CMCNW,$ 268.87,
ILUINTDW38CMCWW,$ 268.87,
ILUINTDW38CMCWW,$ 268.87,
ILUINTG120CMNW,$ 956.85,
ILUINTG120CMWW,$ 956.85,
ILUINTWS045CMW,$ 252.73,
ILUINTWS120CMW,$ 380.50,
ILUIR003HANDD,$ 302.22,
ILUIR005EMP,$ 354.51,
ILUIR005SOB,$ 396.77,
ILUIR007DOOR,$ 242.50,
ILUIRGABM,$ 286.18,
ILUJDDM75E,"$ 1,306.51",
ILUJDDMS42E,$ 543.19,
ILUK300MA03W,$ 107.66,
ILUK605ABA,$ 597.26,
ILUK605ABNWA,$ 597.26,
ILUK605ASNWA,$ 597.26,
ILUKITFLESKYLINE,"$ 1,493.16",
ILUKITOLAS360,$ 779.69,
ILUKITSKYNEON,"$ 3,590.43",
ILUKITSOB360,$ 716.67,
ILUKITSOBVER360,"$ 1,082.54",
ILUKITSPLICE360,$ 684.33,
ILUKITSUJSKYLINB,"$ 2,784.61",
ILUKITSUJSKYLINE,"$ 2,986.32",
ILUKITSUSPHOR360,"$ 1,919.84",
ILUKITSUSPVER360,"$ 1,292.81",
ILULD07252NRE,$ 298.63,
ILULD07446CE,$ 321.03,
ILULD07446RE,$ 321.03,
ILULDE001G80NW,"$ 1,244.14",
ILULDE003GNW,$ 876.00,
ILULED048B12040W,"$ 3,495.09",
ILULED0812029WB,"$ 3,109.76",
ILULED0815036WB,"$ 3,729.34",
ILULED114210WB,$ 673.10,
ILULED114212WB,"$ 1,761.79",
ILULED114212WW,"$ 1,761.79",
ILULED114220WB,"$ 1,088.64",
ILULED114220WB,"$ 1,088.64",
ILULED114230WB,"$ 1,563.75",
ILULED114230WB,"$ 1,563.75",
ILULED114240WB,"$ 1,879.66",
ILULED114240WB,"$ 1,879.66",
ILULED114250WB,"$ 2,276.50",
ILULED114250WB,"$ 2,276.50",
ILULED114260WB,"$ 2,787.06",
ILULED114260WB,"$ 2,787.06",
ILULED117220WB,"$ 2,429.93",
ILULED117220WW,"$ 2,429.93",
ILULED34504WB,$ 389.47,
ILULED34504WW,$ 389.47,
ILULED3WB,$ 716.69,
ILULED6WB,$ 821.42,
ILULED6WW,$ 821.42,
ILULWE13WNW50,"$ 1,231.86",
ILULWE5061CNWT3W,"$ 1,389.89",
ILUMICRO2SD2WWWB,"$ 1,103.75",
ILUMICROF1WWWB,$ 473.07,
ILUMICRORD1WWWB,$ 810.95,
ILUMICROSD1WWWB,$ 585.70,
ILUMINCUGRMAG3W,$ 316.17,
ILUMINRUGRMAG3W,$ 296.15,
ILUMIRR009DIM,$ 346.99,
ILUMOD12WNW,$ 404.38,
ILUMOD12WWW,$ 404.38,
ILUMOD18WNW,$ 395.69,
ILUMOD18WWW,$ 395.69,
ILUMOD3WWWBNDP,$ 95.80,
ILUMOD5WWIP54,$ 157.80,
ILUMOD5WWWIP54,$ 157.80,
ILUMOD8WWIP54,$ 93.02,
ILUMOD8WWIP54,$ 93.02,
ILUMOD8WWWIP54,$ 93.02,
ILUMOD8WWWIP54,$ 93.02,
ILUMOD9WWW,$ 297.04,
ILUMODPC7WW,$ 71.28,
ILUMODPC7WWW,$ 71.28,
ILUMODPC8WNW,$ 105.75,
ILUMODPC8WNWIP20,$ 93.02,
ILUMODPC8WNWIP20,$ 93.02,
ILUMODPC8WW,$ 105.75,
ILUMODPC8WWIP20,$ 93.02,
ILUMODPC8WWIP20,$ 93.02,
ILUMODPC8WWW,$ 105.75,
ILUMODPC8WWWIP20,$ 93.02,
ILUMODPC8WWWIP20,$ 93.02,
ILUMUSB2WWWB,$ 623.32,
ILUMUSB2WWWW,$ 623.32,
ILUMXD1001GU10,$ 420.97,
ILUMYB1403WWWB,"$ 1,079.85",
ILUMZ13B18WWWB,"$ 1,468.59",
ILUMZ13C18WWWB,"$ 1,483.00",
ILUNANEMPR2WWWB,$ 335.16,
ILUNANEMPRB2WWWB,$ 321.79,
ILUNANOC7WWWBW,"$ 1,128.47",
ILUNANOCON2WWWB,$ 435.45,
ILUNANOESF7WWWB,$ 896.61,
ILUNANOFL10WWWB,$ 771.41,
ILUNANOFL10WWWB,$ 771.41,
ILUNANOHAT7WWWB,"$ 1,302.73",
ILUNANOL3WWWB,$ 354.63,
ILUNANOLD20WWWB,$ 788.76,
ILUNANOLD20WWWB,$ 788.76,
ILUNANORP12WWWB,$ 815.80,
ILUNANORP6WWWB,$ 590.79,
ILUNANOSD1WWWRB,$ 257.57,
ILUNANOSD2WWWBF,$ 526.34,
ILUNANOSD5WWWBF,$ 607.19,
ILUNANOSD9WWWRB,$ 958.74,
ILUNANOSDE1WWWRB,$ 125.67,
ILUNANOSM2WWWBF,$ 613.38,
ILUNANOSOFT6WWW,$ 443.55,
ILUNANOSPF7WWWW,$ 958.74,
ILUNANOSUS2WWWB,$ 526.34,
ILUNANOSUS5WWWB,$ 457.87,
ILUNANSOBR2WWWB,$ 315.74,
ILUNCC1509W,"$ 2,413.86",
ILUNEOGLASS18WWW,"$ 2,793.28",
ILUNEON360NW,"$ 6,456.97",
ILUNEON360NW15W,"$ 13,388.82",
ILUNEON360RGB,"$ 7,529.49",
ILUNEON360WW,"$ 6,456.97",
ILUNEON360WW15W,"$ 13,388.82",
ILUNEON90W5MNWB,"$ 10,153.25",
ILUNEON90W5MWWB,"$ 10,153.25",
ILUNEONMAG100WWB,"$ 1,184.75",
ILUNEONMAG200WWB,"$ 1,778.18",
ILUNEONMR100WWB,"$ 1,617.43",
ILUNEONMR50WWB,$ 987.18,
ILUNOV3WWDIR,$ 360.82,
ILUNOV3WWWDIR,$ 360.82,
ILUP026S12WWWB,"$ 1,317.42",
ILUP036S12WWWB,"$ 1,317.57",
ILUP2302G,$ 609.67,
ILUP355S12WWWB,"$ 1,520.57",
ILUPA07,$ .00,
ILUPA07A,$ .00,
ILUPA07AKIT.,$ 306.62,
ILUPA07AN,$ .00,
ILUPA07ANKIT.,$ 638.74,
ILUPA07KIT.,$ 332.96,
ILUPA07N,$ .00,
ILUPA07NKIT.,$ 665.09,
ILUPA0806KIT.,$ 269.08,
ILUPA0806NKIT.,$ 304.30,
ILUPA1005,$ .00,
ILUPA1005KIT.,$ 329.22,
ILUPA1009,$ .00,
ILUPA1009KIT.,$ 329.22,
ILUPA109,$ .00,
ILUPA109KIT.,$ 422.64,
ILUPA109N,$ .00,
ILUPA109NKIT.,$ 422.20,
ILUPA1205,$ .00,
ILUPA1205KIT.,$ 473.28,
ILUPA1205N,$ .00,
ILUPA1205NKIT.,$ 576.25,
ILUPA1205NKIT.,$ 576.25,
ILUPA1207KIT.,$ 306.62,
ILUPA1401,$ .00,
ILUPA1401KIT.,"$ 1,030.28",
ILUPA1401N,$ .00,
ILUPA1401NKIT.,"$ 1,504.43",
ILUPA1402,$ .00,
ILUPA1402KIT.,$ 979.15,
ILUPA1402N,$ .00,
ILUPA1402NKIT.,"$ 1,416.16",
ILUPA1722NUGR,$ .00,
ILUPA1722NUGRC,$ .00,
ILUPA1722NUGRCKI,$ 658.87,
ILUPA1722NUGRKIT,$ 565.36,
ILUPA1722UGR,$ .00,
ILUPA1722UGRC,$ .00,
ILUPA1722UGRCKIT,$ 603.54,
ILUPA1722UGRKIT,$ 546.96,
ILUPA1806FLEKIT,$ 448.04,
ILUPA1806NFLEKIT,$ 563.25,
ILUPA1855N,$ 184.14,
ILUPA1855NKIT.,$ 490.24,
ILUPA191B,$ .00,
ILUPA191BKIT.,"$ 1,380.25",
ILUPA191W,$ .00,
ILUPA191WKIT.,"$ 1,380.25",
ILUPA2013FLEKIT,$ 431.24,
ILUPA2013FLEKIT,$ 431.24,
ILUPA2018KIT.,$ 396.11,
ILUPA2018NKIT.,$ 469.41,
ILUPA2018NKIT.,$ 469.41,
ILUPA2210KIT.,$ 371.56,
ILUPA2216,$ .00,
ILUPA2216KIT.,"$ 1,344.55",
ILUPA2216N,$ .00,
ILUPA2216NKIT.,"$ 1,746.62",
ILUPA2216NKIT.,"$ 1,746.62",
ILUPA2310,$ 436.98,
ILUPA2310KIT.,$ 638.61,
ILUPA2403CO,$ .00,
ILUPA2403COKIT.,$ 632.34,
ILUPA2403CON,$ .00,
ILUPA2403CONKIT.,$ 769.60,
ILUPA2403CONKIT.,$ 769.60,
ILUPA2404CO,$ .00,
ILUPA2404COKIT.,$ 503.54,
ILUPA2404CON,$ .00,
ILUPA2404CONKIT.,$ 940.53,
ILUPA2408N,$ .00,
ILUPA2408NKIT.,$ 488.49,
ILUPA30,$ .00,
ILUPA3030KIT.,"$ 2,157.52",
ILUPA30KIT.,$ 511.15,
ILUPA3535KIT.,"$ 1,104.28",
ILUPA3535NCFLKIT,"$ 2,832.89",
ILUPA3535NCFLKIT,"$ 2,832.89",
ILUPA3535NFLKIT,"$ 2,687.09",
ILUPA3535NFLKIT,"$ 2,687.09",
ILUPA3535NKIT.,"$ 1,236.39",
ILUPA3535NKIT.,"$ 1,236.39",
ILUPA3551NUGR,$ .00,
ILUPA3551NUGRC,$ .00,
ILUPA3551NUGRCKI,"$ 1,574.61",
ILUPA3551NUGRKIT,"$ 1,429.87",
ILUPA3551UGR,$ .00,
ILUPA3551UGRC,$ .00,
ILUPA3551UGRCKIT,"$ 1,433.39",
ILUPA3551UGRKIT,"$ 1,317.62",
ILUPA3830,$ .00,
ILUPA3830KIT.,"$ 1,082.78",
ILUPA5032KIT.,"$ 1,105.56",
ILUPA5175GTN,$ .00,
ILUPA5175N,$ .00,
ILUPA5175NKIT,"$ 2,054.28",
ILUPA525,$ .00,
ILUPA525KIT.,$ 306.62,
ILUPA525N,$ .00,
ILUPA525NKIT.,$ 367.77,
ILUPA525NKIT.,$ 367.77,
ILUPA60,$ .00,
ILUPA60KIT.,"$ 1,182.56",
ILUPA6114KIT.,$ 352.13,
ILUPA6114KIT.,$ 352.13,
ILUPA646,$ .00,
ILUPA646KIT.,$ 622.36,
ILUPA647,$ .00,
ILUPA647KIT.,$ 452.73,
ILUPAV04,$ 278.46,
ILUPAV04N,$ 610.59,
ILUPC10WRB,$ 274.65,
ILUPC10WSB,$ 274.65,
ILUPC119DIRE,$ 87.10,
ILUPC1271B,$ 247.60,
ILUPC1271SB,$ 303.59,
ILUPC1271SW,$ 303.59,
ILUPC1271W,$ 247.60,
ILUPC1272B,$ 384.44,
ILUPC1272SB,$ 433.39,
ILUPC1272SW,$ 433.39,
ILUPC1272W,$ 384.44,
ILUPC1273WB,$ 268.73,
ILUPC1273WB,$ 268.73,
ILUPC1276WB,$ 374.46,
ILUPC1276WB,$ 374.46,
ILUPC160DIRWE,$ 73.41,
ILUPC161DIRWE,$ 81.40,
ILUPC166DIRWE,$ 73.41,
ILUPC166SDIRWE,$ 64.70,
ILUPC22WE,$ 36.08,
ILUPC27204WBE,$ 389.43,
ILUPC27205WBE,$ 401.64,
ILUPC276008WBE,$ 653.26,
ILUPC278012WBE,$ 822.31,
ILUPC2LENS4WB,$ 144.40,
ILUPC30SDIRWE,$ 67.19,
ILUPC3LENS24WB,$ 270.46,
ILUPC3LENS24WB,$ 270.46,
ILUPC4440BE,$ 535.01,
ILUPC4440SBE,$ 398.15,
ILUPC4440SSBE,$ 288.66,
ILUPC4LENS8WB,$ 197.40,
ILUPC610BRE,$ 87.46,
ILUPC610SRE,$ 87.46,
ILUPC610SWE,$ 64.70,
ILUPC612BRE,$ 88.34,
ILUPC612WRE,$ 88.34,
ILUPC7WRB,$ 377.02,
ILUPC7WSB,$ 377.02,
ILUPC8663BE,$ 537.32,
ILUPC8663SBE,$ 398.15,
ILUPC8663SSBE,$ 288.66,
ILUPC8663SSWE,$ 288.66,
ILUPC8663SWE,$ 398.15,
ILUPC8663WE,$ 537.32,
ILUPCAR111BE,$ 185.39,
ILUPCAR111WE,$ 185.39,
ILUPCBAFLE8WWC,$ 55.99,
ILUPCBAFLE8WWR,$ 55.99,
ILUPCBAFLECBE,$ 101.91,
ILUPCBAFLECWE,$ 101.91,
ILUPCBAFLEDCBE,$ 116.83,
ILUPCBAFLEDCWE,$ 116.83,
ILUPCBAFLEDRWE,$ 116.83,
ILUPCBAFLER8WWC,$ 55.99,
ILUPCBAFLER8WWR,$ 55.99,
ILUPCBAFLERBE,$ 116.83,
ILUPCBAFLERWE,$ 116.83,
ILUPCD09GU10B,$ 261.30,
ILUPCDIRBE,$ 82.12,
ILUPCDIRDBE,$ 82.12,
ILUPCDIRDWE,$ 71.04,
ILUPCDIRWE,$ 82.12,
ILUPCE27WRE,$ 162.99,
ILUPCECL12WCCTM,$ 584.67,
ILUPCECL12WCCTM,$ 584.67,
ILUPCECL12WCCTN,$ 422.96,
ILUPCECL12WCCTN,$ 422.96,
ILUPCP428WWWB,$ 197.30,
ILUPCP428WWWB,$ 197.30,
ILUPCPAR30BE,$ 172.94,
ILUPCPAR30WE,$ 172.94,
ILUPCPBL1.5WWWB,$ 249.96,
ILUPCPBL3WWWB,$ 300.05,
ILUPCPINBE,$ 57.11,
ILUPCPINWE,$ 57.11,
ILUPCPUD9WWWB,$ 450.07,
ILUPCROT7WWB,$ 130.65,
ILUPCROT7WWW,$ 123.19,
ILUPCROT7WWWB,$ 130.65,
ILUPCROT7WWWW,$ 123.19,
ILUPCSOBRED8WB,$ 261.30,
ILUPCSOBRED8WW,$ 261.30,
ILUPCSOBREDBE,$ 185.06,
ILUPCSOBREDWE,$ 185.06,
ILUPCSOBRPDL02BE,$ 242.64,
ILUPCSOBSQBE,$ 194.72,
ILUPCSOBSQWE,$ 194.72,
ILUPCSQ1DIRBE,$ 51.62,
ILUPCSQ1DIRWE,$ 51.62,
ILUPCSQ2DIRBE,$ 103.25,
ILUPCSQ2DIRWE,$ 103.25,
ILUPCSTEPSWE,$ 540.51,
ILUPCSTEPWE,$ 287.93,
ILUPCWALLBE,$ 57.11,
ILUPCWALLCCT25WB,$ 658.22,
ILUPCWALLWE,$ 57.11,
ILUPCWLA24WWWB,$ 385.03,
ILUPCWLO24WWWB,$ 335.35,
ILUPCWLX24WWWW,$ 303.64,
ILUPCWLZ15WWWB,$ 285.68,
ILUPCWLZ30WWWB,$ 374.00,
ILUPIRSW001,$ 374.74,
ILUPIRSW001F,$ 337.07,
ILUPISO13WWW,$ 483.29,
ILUPISO23WWW,$ 483.29,
ILUPISO2832,$ 408.12,
ILUPISO2833,$ 408.12,
ILUPISO2836,$ 408.12,
ILUPISO43WWW,$ 483.29,
ILUPISOPC0420B,$ 292.03,
ILUPISOPC0821B,$ 306.82,
ILUPISOPC0822B,$ 318.92,
ILUPS48V100W,"$ 1,110.87",
ILUPS48V200W,"$ 1,573.28",
ILUPS48V200WCCT,"$ 1,573.27",
ILUPS48V200WCCT,"$ 1,573.27",
ILUPSMR48V100WB,"$ 1,230.94",
ILUPSMR48V100WW,"$ 1,230.94",
ILUPSMR48V150WB,"$ 1,577.74",
ILUPSMR48V150WW,"$ 1,577.74",
ILUPZS284-B,$ 74.42,
ILUQS07105WWWB,"$ 1,115.85",
ILURASOB10WBNW,$ 620.89,
ILURASOB10WBWW,$ 620.89,
ILURASOB20WBNW,$ 931.88,
ILURASOB20WBWW,$ 931.88,
ILURASOB4WBNW,$ 434.24,
ILURASOB4WBWW,$ 434.24,
ILURASTDIRMAG12W,$ 735.57,
ILURASTDIRMAG6W,$ 536.74,
ILURASTMAG12W,$ 448.70,
ILURASTMAG18W,$ 655.41,
ILURASTMAG24W,$ 708.22,
ILURASTMG12WCCT,$ 448.70,
ILURASTMG12WCCT,$ 448.70,
ILURASTMG18WCCT,$ 655.41,
ILURASTMG18WCCT,$ 655.41,
ILURASTMG24WCCT,$ 708.22,
ILURASTMG24WCCT,$ 708.22,
ILURBKHR13WWWB,"$ 2,092.77",
ILURBKHR13WWWB,"$ 2,092.77",
ILURBKHR17WWWB,"$ 2,208.40",
ILURBKHR17WWWB,"$ 2,208.40",
ILURBKHR9WWWB,"$ 1,705.77",
ILURBKHR9WWWB,"$ 1,705.77",
ILURBKL06WNWB,$ 457.87,
ILURBKL06WWWB,$ 457.87,
ILURBKL12WNWB,$ 583.56,
ILURBKL12WWWB,$ 583.56,
ILURBKLT05WNWB,$ 460.35,
ILURBKLT05WNWB,$ 460.35,
ILURBKLT05WWWB,$ 460.35,
ILURBKLT05WWWB,$ 460.35,
ILURBKR18WWWB,"$ 2,278.00",
ILURBKR18WWWB,"$ 2,278.00",
ILURBKR25WWWB,"$ 2,996.03",
ILURBKR25WWWB,"$ 2,996.03",
ILURBKR32WWWB,"$ 3,583.55",
ILURBKR32WWWB,"$ 3,583.55",
ILURECDMR10WNWB,$ 949.26,
ILURECDMR10WNWB,$ 949.26,
ILURECDMR10WWWB,"$ 1,036.21",
ILURECDMR10WWWW,"$ 1,036.21",
ILURECMR10WNWB,$ 544.89,
ILURECMR10WNWB,$ 544.89,
ILURECMR10WWWB,$ 594.87,
ILURECMR10WWWW,$ 594.87,
ILURECP10WBNW,$ 528.82,
ILURECP10WBWW,$ 528.82,
ILURECP10WNW,$ 528.82,
ILURECP10WWW,$ 528.82,
ILURECP20WBNW,$ 958.03,
ILURECP20WBWW,$ 958.03,
ILURECP20WNW,$ 958.03,
ILURECP20WWW,$ 958.03,
ILURECP2WBNW,$ 281.20,
ILURECP2WBWW,$ 281.20,
ILURECP2WNW,$ 281.20,
ILURECP2WWW,$ 281.20,
ILURECP4WBNW,$ 353.35,
ILURECP4WBWW,$ 353.35,
ILURECP4WNW,$ 353.35,
ILURECP4WWW,$ 353.35,
ILURECPS18WBNW,$ 886.46,
ILURECPS18WBNW,$ 886.46,
ILURECPS18WBWW,$ 886.46,
ILURECPS18WBWW,$ 886.46,
ILURECPS18WNW,$ 886.46,
ILURECPS18WNW,$ 886.46,
ILURECPS18WWW,$ 886.46,
ILURECPS18WWW,$ 886.46,
ILURECPS6WBNW,$ 362.88,
ILURECPS6WBNW,$ 362.88,
ILURECPS6WBWW,$ 362.88,
ILURECPS6WBWW,$ 362.88,
ILURECPS6WNW,$ 362.88,
ILURECPS6WNW,$ 362.88,
ILURECPS6WWW,$ 362.88,
ILURECPS6WWW,$ 362.88,
ILURECPS9WBNW,$ 501.13,
ILURECPS9WBNW,$ 501.13,
ILURECPS9WBWW,$ 501.13,
ILURECPS9WBWW,$ 501.13,
ILURECPS9WNW,$ 501.13,
ILURECPS9WNW,$ 501.13,
ILURECPS9WWW,$ 501.13,
ILURECPS9WWW,$ 501.13,
ILURECPSD18WBNW,$ 968.12,
ILURECPSD18WBNW,$ 968.12,
ILURECPSD18WBWW,$ 968.12,
ILURECPSD18WBWW,$ 968.12,
ILURECPSD18WNW,$ 968.12,
ILURECPSD18WNW,$ 968.12,
ILURECPSD18WWW,$ 968.12,
ILURECPSD18WWW,$ 968.12,
ILURECPSD6WBNW,$ 466.50,
ILURECPSD6WBNW,$ 466.50,
ILURECPSD6WBWW,$ 466.50,
ILURECPSD6WBWW,$ 466.50,
ILURECPSD6WNW,$ 466.50,
ILURECPSD6WNW,$ 466.50,
ILURECPSD6WWW,$ 466.50,
ILURECPSD6WWW,$ 466.50,
ILURECPSD9WBNW,$ 639.38,
ILURECPSD9WBNW,$ 639.38,
ILURECPSD9WBWW,$ 639.38,
ILURECPSD9WBWW,$ 639.38,
ILURECPSD9WNW,$ 639.38,
ILURECPSD9WNW,$ 639.38,
ILURECPSD9WWW,$ 639.38,
ILURECPSD9WWW,$ 639.38,
ILURESMD100WWB,$ 554.57,
ILURESMD100WWN,$ 554.57,
ILURESMD100WWWB,$ 554.57,
ILURESMD100WWWN,$ 554.57,
ILURESMD10WWB,$ 141.64,
ILURESMD10WWN,$ 141.64,
ILURESMD10WWWB,$ 141.64,
ILURESMD10WWWN,$ 141.64,
ILURESMD150WWN,$ 858.09,
ILURESMD200WWN,"$ 1,207.99",
ILURESMD200WWWN,"$ 1,207.99",
ILURESMD20WWB,$ 183.29,
ILURESMD20WWN,$ 183.29,
ILURESMD20WWWB,$ 183.29,
ILURESMD20WWWN,$ 183.29,
ILURESMD300WWN,"$ 1,705.50",
ILURESMD30WWB,$ 226.24,
ILURESMD30WWN,$ 226.24,
ILURESMD30WWWB,$ 226.24,
ILURESMD30WWWN,$ 226.24,
ILURESMD400WWN,"$ 3,982.06",
ILURESMD50WWB,$ 313.02,
ILURESMD50WWN,$ 313.02,
ILURESMD50WWWB,$ 313.02,
ILURESMD50WWWN,$ 313.02,
ILURGBWWIFI,$ 434.87,
ILURM17E,$ 209.02,
ILURPSOB10WBNW,$ 566.35,
ILURPSOB10WBNW,$ 566.35,
ILURPSOB10WBWW,$ 566.35,
ILURPSOB10WBWW,$ 566.35,
ILURPSOB10WNW,$ 566.35,
ILURPSOB10WNW,$ 566.35,
ILURPSOB10WWW,$ 566.35,
ILURPSOB10WWW,$ 566.35,
ILURPSOB20WBNW,$ 847.41,
ILURPSOB20WBNW,$ 847.41,
ILURPSOB20WBWW,$ 847.41,
ILURPSOB20WBWW,$ 847.41,
ILURPSOB20WNW,$ 847.41,
ILURPSOB20WNW,$ 847.41,
ILURPSOB20WWW,$ 847.41,
ILURPSOB20WWW,$ 847.41,
ILURPSOB4WBNW,$ 358.51,
ILURPSOB4WBNW,$ 358.51,
ILURPSOB4WBWW,$ 358.51,
ILURPSOB4WBWW,$ 358.51,
ILURPSOB4WNW,$ 358.51,
ILURPSOB4WNW,$ 358.51,
ILURPSOB4WWW,$ 358.51,
ILURPSOB4WWW,$ 358.51,
ILURSTDMG12WCCT,$ 660.13,
ILURSTDMG12WCCT,$ 660.13,
ILURSTDMG6WCCT,$ 536.74,
ILURSTDMG6WCCT,$ 536.74,
ILURUGRMG15WCCT,"$ 1,283.48",
ILURUGRMG15WCCT,"$ 1,283.48",
ILURVSCIL12WNWB,"$ 1,016.86",
ILURVSCIL12WNWB,"$ 1,016.86",
ILURVSCIL12WWWB,"$ 1,016.86",
ILURVSCIL12WWWB,"$ 1,016.86",
ILURVSCILS12WNWB,$ 976.89,
ILURVSCILS12WNWB,$ 976.89,
ILURVSCILS12WWWB,$ 976.89,
ILURVSCILS12WWWB,$ 976.89,
ILURVSINT12WNWB,"$ 1,126.01",
ILURVSINT12WNWB,"$ 1,126.01",
ILURVSINT12WWWB,"$ 1,126.01",
ILURVSINT12WWWB,"$ 1,126.01",
ILURVSINT24WNWB,"$ 2,252.03",
ILURVSINT24WNWB,"$ 2,252.03",
ILURVSINT24WWWB,"$ 2,252.03",
ILURVSINT24WWWB,"$ 2,252.03",
ILURVSREC12WNWB,"$ 1,063.24",
ILURVSREC12WNWB,"$ 1,063.24",
ILURVSREC12WWWB,"$ 1,063.24",
ILURVSREC12WWWB,"$ 1,063.24",
ILURVSRECS12WNWB,"$ 1,063.24",
ILURVSRECS12WNWB,"$ 1,063.24",
ILURVSRECS12WWWB,"$ 1,063.24",
ILURVSRECS12WWWB,"$ 1,063.24",
ILURVSSPT12WNWB,"$ 1,196.04",
ILURVSSPT12WNWB,"$ 1,196.04",
ILURVSSPT12WWWB,"$ 1,196.04",
ILURVSSPT12WWWB,"$ 1,196.04",
ILURVSSPTS12WNWB,"$ 1,238.24",
ILURVSSPTS12WNWB,"$ 1,238.24",
ILURVSSPTS12WWWB,"$ 1,238.24",
ILURVSSPTS12WWWB,"$ 1,238.24",
ILURVSSUC12WNWB,"$ 1,290.92",
ILURVSSUC12WNWB,"$ 1,290.92",
ILURVSSUC12WWWB,"$ 1,290.92",
ILURVSSUC12WWWB,"$ 1,290.92",
ILURVSSUR12WNWB,"$ 1,301.41",
ILURVSSUR12WNWB,"$ 1,301.41",
ILURVSSUR12WWWB,"$ 1,301.41",
ILURVSSUR12WWWB,"$ 1,301.41",
ILUS1415WNW,$ 562.42,
ILUS1415WWW,$ 562.42,
ILUS148WNW,$ 408.09,
ILUS148WWW,$ 408.09,
ILUS14DMAG12W,$ 652.28,
ILUS14DMAG24W,$ 849.75,
ILUS14DMAG36W,"$ 1,047.21",
ILUSAMAG12WCCT,"$ 1,051.34",
ILUSAMAG12WCCT,"$ 1,051.34",
ILUSCMAG7WCCT,$ 711.72,
ILUSCMAG7WCCT,$ 711.72,
ILUSESFMAG4.5WB,$ 711.73,
ILUSF028G9B,$ 841.08,
ILUSF919E14B,$ 736.61,
ILUSF920E14B,$ 736.61,
ILUSKYLINE10MWW,"$ 6,396.49",
ILUSKYLINE20MNW,"$ 9,674.83",
ILUSKYLINE20MWW,"$ 9,674.83",
ILUSKYLINE5MNW,"$ 4,318.82",
ILUSKYLINE5MWWB,"$ 4,760.63",
ILUSKYLINE5MWWBD,"$ 5,550.21",
ILUSKYLINE5MWWD,"$ 5,108.87",
ILUSKYNEON5MNWN,"$ 11,134.91",
ILUSKYNEON5MWWN,"$ 11,134.91",
ILUSOBCAMR6WWWB,$ 617.88,
ILUSOBCAMR6WWWW,$ 617.88,
ILUSOBCMR6WWWB,$ 617.88,
ILUSOBCMR6WWWW,$ 617.88,
ILUSOBDIRBE,$ 572.34,
ILUSOBDIRWE,$ 572.34,
ILUSOBEUGRMAG7WB,"$ 1,085.94",
ILUSOBEUGRMAG7WW,"$ 1,085.94",
ILUSOBRDMR7WNWB,$ 767.63,
ILUSOBRDMR7WNWB,$ 767.63,
ILUSOBRDMR7WWWB,$ 768.01,
ILUSOBRDMR7WWWW,$ 768.01,
ILUSOBRMR8WWWB,$ 748.02,
ILUSOBRMR8WWWW,$ 748.02,
ILUSOBRUGRMAG7WB,"$ 1,283.48",
ILUSOBRUGRMAG7WW,"$ 1,283.48",
ILUSOL3W,"$ 1,704.61",
ILUSOL4WB,$ 659.40,
ILUSOLB0801B,$ 696.73,
ILUSOLBAL3W,"$ 1,990.72",
ILUSOLCUB4W,$ 693.86,
ILUSOLPC4LENS2WB,$ 750.67,
ILUSOLPC6LENS2WB,$ 659.00,
ILUSOLPC803H3WB,$ 987.85,
ILUSOLPISO2WWW,$ 348.36,
ILUSOLPISO4WWW,$ 632.06,
ILUSOPDUAL9Y32,$ 25.53,
ILUSP852WWWG,$ 413.24,
ILUSPODIRMR7WNWB,$ 686.72,
ILUSPODIRMR7WNWB,$ 686.72,
ILUSPODIRMR7WWWB,$ 687.10,
ILUSPODIRMR7WWWW,$ 687.10,
ILUSPOT12WWW,"$ 1,027.73",
ILUSPOT6WWW,$ 644.52,
ILUSPOT9WWW,$ 833.05,
ILUSPOTBPC1WWW,$ 69.67,
ILUSPOTDIRMA10WW,$ 741.42,
ILUSPOTDIRMA15WW,$ 849.49,
ILUSPOTDIRMAG10W,$ 741.42,
ILUSPOTDIRMAG15W,$ 849.49,
ILUSPOTDIRMAG7W,$ 634.66,
ILUSPOTDIRMAG7WW,$ 634.66,
ILUSPOTFOCMAG7W,$ 892.32,
ILUSPOTFOCMR7WB,$ 983.00,
ILUSPOTN3WNW,$ 414.33,
ILUSPOTN3WWW,$ 414.33,
ILUSPOTN5WNW,$ 505.12,
ILUSPOTN5WWW,$ 505.12,
ILUSPOTN7WNW,$ 584.79,
ILUSPOTN7WWW,$ 584.79,
ILUSPOTNPC1WWW,$ 69.67,
ILUSPTDMG12WCCT,$ 741.41,
ILUSPTDMG12WCCT,$ 741.41,
ILUSPTDMG18WCCT,$ 849.49,
ILUSPTDMG18WCCT,$ 849.49,
ILUSPTDMG7WCCT,$ 634.66,
ILUSPTDMG7WCCT,$ 634.66,
ILUSS01E,$ 242.64,
ILUSS03E,$ 242.64,
ILUSS04E,$ 242.64,
ILUSS05E,$ 242.64,
ILUSS06E,$ 242.64,
ILUSTANKA,$ .00,
ILUSTANKA2X18WW,$ 768.95,
ILUSUB9WRGBE,"$ 1,592.62",
ILUSUS260,"$ 2,185.77",
ILUSUS300,"$ 1,291.02",
ILUSUS340,"$ 2,335.60",
ILUSUS400,"$ 1,409.09",
ILUSUSESFMR5WWWB,$ 787.33,
ILUSUSESFMR5WWWD,$ 737.27,
ILUSUSLIN25WNWN,"$ 1,912.28",
ILUSUSLIN25WWWN,"$ 1,912.28",
ILUSUSPCONOMAG6W,$ 872.22,
ILUSUSPESFCMAG6W,$ 833.52,
ILUSUSPESFMAG6W,$ 952.23,
ILUSUSPMAG10W,"$ 1,051.35",
ILUSUSPMAG260,"$ 1,493.16",
ILUSUSPMAG6W,$ 885.99,
ILUSUSPMR6WWWB,"$ 1,095.24",
ILUT004E,$ 248.85,
ILUT014E,$ 255.07,
ILUT1501E,$ 535.06,
ILUT205E,$ 223.97,
ILUT206E,$ 223.97,
ILUT227E,$ 464.13,
ILUT228E,$ 464.13,
ILUT237E,$ 578.60,
ILUT310BK10WWE,$ 693.07,
ILUT701E,$ 286.18,
ILUT804E,$ 271.78,
ILUTBLACK1.5M360,"$ 1,214.37",
ILUTBLACK2M360,"$ 1,269.19",
ILUTBLACK3M360,"$ 1,378.57",
ILUTBRUSH1.5M360,"$ 1,545.85",
ILUTBRUSH2M360,"$ 1,827.70",
ILUTBRUSH3M360,"$ 2,316.05",
ILUTELE6WCCTREB,$ 398.15,
ILUTELE6WCCTREW,$ 398.15,
ILUTELE6WCCTRSB,$ 460.35,
ILUTELE6WCCTRSW,$ 460.35,
ILUTFLOOD20WNWB,$ 723.60,
ILUTFLOOD20WWWB,$ 723.60,
ILUTFLOOD30WNWB,"$ 1,030.68",
ILUTFLOOD30WWWB,"$ 1,030.68",
ILUTGOLD1.5M360,"$ 2,930.56",
ILUTLA120WNWB,$ 423.02,
ILUTLA120WNWW,$ 423.02,
ILUTLA12WCCTB,$ 319.71,
ILUTLA12WCCTB,$ 319.71,
ILUTLA12WNWB,$ 286.16,
ILUTLA12WNWW,$ 286.16,
ILUTLA12WWWB,$ 286.16,
ILUTLA12WWWW,$ 286.16,
ILUTLA130WNWB,$ 684.28,
ILUTLA130WNWW,$ 684.28,
ILUTLA15CM5WNWB,$ 403.15,
ILUTLA15CM5WWWB,$ 403.15,
ILUTLA18WCCTB,$ 405.62,
ILUTLA18WCCTB,$ 405.62,
ILUTLA1ELICOR30W,"$ 7,589.60",
ILUTLA20CM5WNWB,$ 490.24,
ILUTLA20CM5WWWB,$ 490.24,
ILUTLA2SP10WNWB,"$ 1,489.38",
ILUTLA2SP10WWWB,"$ 1,489.38",
ILUTLA30WCCTB,$ 634.66,
ILUTLA30WCCTB,$ 634.66,
ILUTLA5WWWB,$ 278.69,
ILUTLA5WWWW,$ 278.69,
ILUTLAGU1001B,$ 571.06,
ILUTLAGU1001W,$ 571.06,
ILUTLAGU1018B,$ 213.81,
ILUTLAGU1018W,$ 213.81,
ILUTLAGU1030CMB,$ 507.65,
ILUTLAGU1050CMB,$ 717.87,
ILUTLAGU10B29BUG,$ 437.95,
ILUTMAG2624SS,"$ 1,219.54",
ILUTMAG2651SS,"$ 1,626.93",
ILUTMAG6246EMP,"$ 1,789.89",
ILUTMAG6246ETRIM,"$ 1,903.21",
ILUTMAGMINI30B,$ 694.35,
ILUTMAGMINI30W,$ 694.35,
ILUTOUCHEMPDIM,$ 293.53,
ILUTOUCHSOBDIM,$ 351.98,
ILUTRAC1MTLAB,$ 193.02,
ILUTRAC1MTLAW,$ 193.02,
ILUTRAC2MTLAB,$ 367.38,
ILUTRAC2MTLAW,$ 367.38,
ILUTRAST20WNWB,$ 804.00,
ILUTRAST20WWWB,$ 804.00,
ILUTRAST30WNWB,$ 927.91,
ILUTRAST30WWWB,$ 927.91,
ILUTRASTD10WNWB,$ 496.21,
ILUTRASTD10WWWB,$ 496.21,
ILUTRASTD20WNWB,$ 844.20,
ILUTRASTD20WWWB,$ 844.20,
ILUTRASTD30WNWB,"$ 1,202.45",
ILUTRASTD30WWWB,"$ 1,202.45",
ILUTRIM1,$ 349.62,
ILUTRIM2,$ 537.25,
ILUTRIM3,$ 783.20,
ILUTT001E,$ 286.16,
ILUTT002E,$ 286.16,
ILUTT003E,$ 296.13,
ILUTT004E,$ 221.60,
ILUTT006E,$ 236.40,
ILUTTUB40CM10WB,$ 796.27,
ILUTUB1MNEON360,$ 192.86,
ILUTUB23CMBG,$ 771.39,
ILUTUB2MNEON360,$ 372.01,
ILUTUB30CMBG,$ 821.24,
ILUTUB40CMBG,$ 933.23,
ILUVIB100W,"$ 14,038.54",
ILUWALLPC122WB,$ 609.71,
ILUWALLPC122WW,$ 609.71,
ILUWALLPC8WB,$ 510.13,
ILUWALLPC8WW,$ 510.13,
ILUWALLPCA122WB,$ 813.68,
ILUWALLPCA122WW,$ 813.68,
ILUWWMAG10W,$ 391.08,
ILUWWMAG12WCCT,$ 391.06,
ILUWWMAG12WCCT,$ 391.06,
ILUWWMAG20W,$ 582.61,
ILUWWMAG24WCCT,$ 582.61,
ILUWWMAG24WCCT,$ 582.61,
ILUYS04305WWWB,$ 770.39,
ILUYS083010WWW,"$ 1,074.15",
ILUZG061915WWWB,"$ 1,317.50",
KITCOL1911,$ 199.28,
KITCOL1911CAS,$ .00,
KITCOL19180,$ 514.34,
KITCOL2404CO,$ 143.08,
KITCOL30,$ 114.59,
KITCOL3535,$ 262.26,
KITCOL3535NFL,$ 401.17,
KITCOL3535NFL,$ 401.17,
KITCOL3551,$ 197.24,
KITCOL5175N,$ 149.32,
KITCOL525,$ 262.26,
KITCOL60,$ 133.22,
KITCOLDXA19,$ 133.22,
KITCOLDXA19N,$ 150.89,
KITCOLDXA19N,$ 150.89,
KITCOLINTBB,$ 131.91,
KITCOLINTBB,$ 131.91,
KITCOLINTBN,$ 131.91,
KITCOLINTBN,$ 131.91,
KITCOLINTG,$ 118.73,
KITCOLMAG,$ 147.53,
KITCOLNANOTRK,$ 149.32,
KITCOLRVS,$ 161.74,
KITCOLRVS,$ 161.74,
KITCOLVIB100WVH,$ 330.76,
KITDXA19120,$ 48.03,
KITDXA19120SIDE,$ 48.78,
KITDXA1960,$ 48.03,
KITDXA1960SIDE,$ 48.78,
KITDXA1990,$ 48.03,
KITDXA1990SIDE,$ 48.78,
KITDXA19N120,$ 54.02,
KITDXA19N120,$ 54.02,
KITDXA19N120SIDE,$ 64.35,
KITDXA19N120SIDE,$ 64.35,
KITDXA19N60,$ 53.21,
KITDXA19N60,$ 53.21,
KITDXA19N90,$ 54.02,
KITDXA19N90,$ 54.02,
KITDXA19N90SIDE,$ 54.92,
KITDXA19N90SIDE,$ 54.92,
KITDXA19NT,$ 55.13,
KITDXA19NT,$ 55.13,
KITDXA19NX,$ 78.56,
KITDXA19NX,$ 78.56,
KITDXA19NY,$ 56.37,
KITDXA19NY,$ 56.37,
KITDXA19T,$ 44.98,
KITDXA19X,$ 66.24,
KITDXA19Y,$ 48.67,
KITEMP3535NFL,$ 179.93,
KITEMP3535NFL,$ 179.93,
KITEMPINTBB,$ 245.15,
KITEMPINTBB,$ 245.15,
KITEMPINTBN,$ 245.15,
KITEMPINTBN,$ 245.15,
KITEMPINTG,$ 75.30,
KITSOB3535NFL,$ 179.93,
KITSOB3535NFL,$ 179.93,
KITSOBINTBB,$ 87.10,
KITSOBINTBB,$ 87.10,
KITSOBINTBN,$ 87.10,
KITSOBINTBN,$ 87.10,
KITSOBINTG,$ 28.96,
KITSOBMAGSS,$ 67.29,
KITSUSPMAG,$ 213.96,
LA2835120W20X45R,"$ 4,479.50",
LA2835168270410,"$ 2,059.24",
LA2835168270612,"$ 2,304.24",
LA2835168NW0410,"$ 2,059.24",
LA2835168NW0612,"$ 2,304.24",
LA283548W30,"$ 4,479.50",
LA283548W30X45,"$ 4,479.50",
LA283548WW30,"$ 4,479.50",
LA283548WW30X45,"$ 4,479.50",
LA3528IP66WW24R,"$ 1,045.21",
LA505048RGBW30,"$ 5,846.84",
LA505048RGBW30,"$ 5,846.84",
LA5050IP66NW12R,"$ 1,524.53",
LA5050IP66W12R,"$ 1,524.53",
LA5050IP66WW24R,"$ 1,234.44",
LA5050IP66WW24RS,"$ 1,234.44",
LA5050IP68RGB24R,"$ 1,829.12",
LA5050IP68WW24R,"$ 1,797.94",
LA6622162224120R,"$ 1,378.57",
LA66221622242105,"$ 1,822.74",
LA6622162224240R,"$ 1,959.77",
LA6622162224300R,"$ 2,376.53",
LA6622162724120R,"$ 1,378.57",
LA6622162724240R,"$ 1,959.77",
LA6622162724300R,"$ 2,376.53",
LA662216W241205R,"$ 1,236.82",
LA662216W24120R,"$ 1,378.57",
LA662216W242105R,"$ 1,711.05",
LA662216W24240R,"$ 1,959.77",
LA662216W24300R,"$ 2,376.53",
LA662216WW241205,"$ 1,236.82",
LA662216WW24120R,"$ 1,378.57",
LA662216WW242105,"$ 1,711.05",
LA662216WW24240R,"$ 1,959.77",
LA662216WW24300R,"$ 2,376.53",
LA662216Z24120R,"$ 1,378.57",
LA662216Z242105R,"$ 1,711.05",
LA662216Z24240R,"$ 1,959.77",
LA662216Z24300R,"$ 2,376.53",
LA662835WW2460R,"$ 1,113.51",
LA664040RGB24120,"$ 2,314.16",
LA67COBPRGB24720,"$ 2,040.36",
LA67COBPRGB24720,"$ 2,040.36",
LDAM12X-A,$ 559.34,
LDAP06,$ 327.41,
LDPB22161824240R,"$ 1,175.86",
LDPB22161824300R,"$ 1,615.99",
LDPB22162224120R,$ 850.53,
LDPB22162224240R,"$ 1,175.86",
LDPB22162224300R,"$ 1,615.99",
LDPB22162724120R,$ 850.53,
LDPB22162724240R,"$ 1,175.86",
LDPB22162724300R,"$ 1,615.99",
LDPB2216DTW24240,"$ 1,892.44",
LDPB2216W241205R,$ 721.65,
LDPB2216W24120R,$ 850.53,
LDPB2216W242105R,"$ 1,051.35",
LDPB2216W24240R,"$ 1,175.86",
LDPB2216W24300R,"$ 1,615.99",
LDPB2216WW241205,$ 721.65,
LDPB2216WW24120R,$ 850.53,
LDPB2216WW242105,"$ 1,051.35",
LDPB2216WW24240R,"$ 1,175.86",
LDPB2216WW24300R,"$ 1,615.99",
LDPB2216Z241205R,$ 721.65,
LDPB2216Z24120R,$ 850.53,
LDPB2216Z242105R,"$ 1,051.35",
LDPB2216Z24240R,"$ 1,175.86",
LDPB2216Z24300R,"$ 1,615.99",
LDPB2835272410R,"$ 2,507.18",
LDPB28352724120R,$ 740.32,
LDPB2835272420R,"$ 5,039.41",
LDPB2835W2410R,"$ 2,507.18",
LDPB2835W24120R,$ 740.32,
LDPB2835W2420R,"$ 5,039.41",
LDPB2835WWP24120,"$ 1,431.54",
LDPB2835Z2410R,"$ 2,507.18",
LDPB2835Z24120R,$ 740.32,
LDPB2835Z2420R,"$ 5,039.41",
LDPB4040RGB24120,"$ 1,797.94",
LDPB5050PIX2496R,"$ 2,130.35",
LDPB5050RGBW246R,"$ 1,337.70",
LDPB5050W1260R,"$ 1,066.71",
LDPBCOB2724528R,"$ 2,053.09",
LDPBCOB276524608,"$ 1,156.92",
LDPBCOB276524608,"$ 1,156.92",
LDPBCOBPRGB24720,"$ 2,139.09",
LDPBCOBRGB24160,"$ 1,642.48",
LDPBCOBW24480R5,"$ 1,020.41",
LDPBCOBW24512R,"$ 1,038.85",
LDPBCOBW24528R,"$ 2,053.09",
LDPBCOBWW24480R5,"$ 1,020.41",
LDPBCOBWW24512R,"$ 1,038.85",
LDPBCOBWW24528R,"$ 2,053.09",
LDPBCOBZ24480R5,"$ 1,020.41",
LDPBCOBZ24512R,"$ 1,038.85",
LDPBCOBZ24528R,"$ 2,053.09",
LDZ2835W24120,$ 678.04,
LDZ2835W24120,$ 678.04,
LDZ2835WW24120,$ 678.04,
LDZ2835WW24120,$ 678.04,
LDZ2835Z24120,$ 678.04,
LDZ2835Z24120,$ 678.04,
LDZ3535RGB24120,$ 839.87,
LDZ3535RGB24120,$ 839.87,
LE28352224240R,$ 606.95,
LE28352724120R,$ 352.43,
LE28352724240R,$ 606.95,
LE2835272460R,$ 267.52,
LE2835W24120R,$ 352.43,
LE2835W24240R,$ 606.95,
LE2835W2460R,$ 267.52,
LE2835WW24240R,$ 606.95,
LE2835Z24120R,$ 352.43,
LE2835Z24240R,$ 606.95,
LE2835Z2460R,$ 267.52,
LED0119PCBE,$ 206.98,
LED0119PCBE,$ 206.98,
LED0616PCBE,$ 197.32,
LED0616PCBE,$ 197.32,
LED092,"$ 1,343.84",
LED11011GAW,"$ 1,094.85",
LED11012GAW,"$ 1,928.59",
LED1872MAW,"$ 1,953.39",
LED1874MAW,"$ 1,679.80",
LED204PCHBE,$ 151.82,
LED22PC18WWWB,$ 749.68,
LED22PC18WWWB,$ 749.68,
LED310GABE,"$ 1,157.20",
LED310GAWE,"$ 1,157.20",
LED404PCHBE,$ 212.54,
LED5640B10WWW,$ 553.72,
LED60101E,$ 653.26,
LED60102E,$ 653.26,
LED60481E,$ 741.57,
LED60482E,"$ 1,020.29",
LED6051AE,$ 917.04,
LED6051BE,"$ 1,147.16",
LED6066BE,$ 917.04,
LED6066E,$ 917.04,
LED6806GAW,"$ 1,430.79",
LED803HBE,$ 746.70,
LED803HE,$ 746.70,
LED803PCHBE,$ 373.29,
LED803PCSHBE,$ 236.40,
LED803PCSHE,$ 236.40,
LED804PCHBE,$ 485.28,
LED804PCHE,$ 497.66,
LED816GABE,"$ 1,306.51",
LED818GAW,"$ 1,493.16",
LED8201GAW,"$ 1,244.14",
LED8202GAW,"$ 1,866.45",
LED8663LGABE,"$ 1,405.98",
LED8663LGAWE,"$ 1,405.98",
LED8663SGABE,"$ 1,094.95",
LED8663SGAWE,"$ 1,094.95",
LT12DIM10V,$ 512.64,
LTCTR I - A,$ 468.06,
LTCTRI-WW,$ 765.18,
LTCTRI-WW,$ 765.18,
LUMINT100W12W,$ 211.52,
LUMINT100WW12W,$ 211.52,
LUMLIN12036WWX,$ 437.35,
LUMLIN6018WWWX,$ 287.42,
LUMLIN6018WWX,$ 287.42,
MARCO3012048WNW,$ 979.15,
MARCO3012048WW,$ 979.15,
MARCO303020WNW,$ 489.01,
MARCO303020WW,$ 489.01,
MARCO306030WNW,$ 632.04,
MARCO306030WW,$ 632.04,
MARCO6012060WNW,"$ 1,326.36",
MARCO6012060WW,"$ 1,326.36",
MARCO6012060WWW,"$ 1,326.36",
MARCO606036WCCT,$ 816.67,
MARCO606048WNW,$ 836.12,
MARCO606048WW,$ 836.12,
MARCO606048WWW,$ 836.12,
MICDIF1616,$ 98.61,
MICDIF1616B,$ 189.01,
MICDIF1616N,$ 151.80,
MICDIF1722,$ 132.03,
MICDIF1722C,$ 132.03,
MICDIF1722N,$ 134.38,
MICDIF1722NC,$ 151.80,
MICDIF1806,$ 240.41,
MICDIF1806CO,"$ 1,158.50",
MICDIF1806CON,"$ 1,441.30",
MICDIF1806N,$ 265.75,
MICDIF1911P,$ 288.76,
MICDIF2213,$ 94.50,
MICDIF2216,$ 321.93,
MICDIF2216N,$ 447.32,
MICDIF2216N,$ 447.32,
MICDIF2411,$ 90.33,
MICDIF2411N,$ 193.34,
MICDIF2411N,$ 193.34,
MICDIF3006,$ 217.88,
MICDIF3030,$ 578.60,
MICDIF3535,$ 154.75,
MICDIF3535FLCO,"$ 3,297.99",
MICDIF3535FLCO,"$ 3,297.99",
MICDIF3535N,$ 210.11,
MICDIF3535N,$ 210.11,
MICDIF3551,$ 187.87,
MICDIF3551C,$ 183.70,
MICDIF3551N,$ 243.68,
MICDIF3551NC,$ 262.44,
MICDIF5032,$ 282.36,
MICDIF5175,$ 204.06,
MICDIF5175UGR,$ 577.30,
MICDIFDXA19,$ 199.95,
MICDIFDXA19N,$ 239.00,
MICDIFDXA19N,$ 239.00,
MICDIFILUPA07,$ 97.46,
MICDIFILUPA07A,$ 74.99,
MICDIFILUPA07AN,$ 124.48,
MICDIFILUPA07AN,$ 124.48,
MICDIFILUPA07N,$ 218.22,
MICDIFILUPA07N,$ 218.22,
MICDIFILUPA1005,$ 135.08,
MICDIFILUPA1005C,$ 724.25,
MICDIFILUPA1009,$ 135.08,
MICDIFILUPA109,$ 125.08,
MICDIFILUPA109N,$ 134.12,
MICDIFILUPA1205,$ 125.08,
MICDIFILUPA1205N,$ 161.49,
MICDIFILUPA1205N,$ 161.49,
MICDIFILUPA1401,$ 121.93,
MICDIFILUPA1401N,$ 149.38,
MICDIFILUPA1401N,$ 149.38,
MICDIFILUPA1402,$ 257.31,
MICDIFILUPA1402N,$ 299.32,
MICDIFILUPA1402N,$ 299.32,
MICDIFILUPA1855,$ 306.10,
MICDIFILUPA191,$ 124.97,
MICDIFILUPA2310,$ 157.13,
MICDIFILUPA2408,$ 203.70,
MICDIFILUPA30,$ 171.17,
MICDIFILUPA3830,$ 209.04,
MICDIFILUPA525,$ 74.99,
MICDIFILUPA525N,$ 26.41,
MICDIFILUPA525N,$ 26.41,
MICDIFILUPA60,$ 486.22,
MICDIFILUPA646,$ 66.24,
MICDIFILUPA647,$ 40.93,
MICDIFPA0806,$ 89.45,
MICDIFPA0806N,$ 104.34,
MICDIFPA1207,$ 119.26,
MICDIFPA1612,$ 190.27,
MICDIFPA1612N,$ 187.62,
MICDIFPA2013C,$ 448.11,
MICDIFPA2013C,$ 448.11,
MICDIFPA2018,$ 115.32,
MICDIFPA2018N,$ 175.12,
MICDIFPA2018N,$ 175.12,
MICDIFPA2210,$ 132.30,
MICDIFPA6114,$ 47.76,
MICDIFPA6114,$ 47.76,
MICILUPA240304,$ 928.24,
MICILUPA240304N,"$ 1,119.87",
MICNT3535FLCO,$ 636.74,
MICNT3535FLCO,$ 636.74,
MICROTRK1PCB30CM,$ 244.40,
MICROTRK1PCB90CM,$ 862.55,
MINIAMPHEMBRA,$ 8.68,
MINIAMPHEMBRA130,$ 15.00,
MINIAMPMACHO,$ 8.68,
MINIAMPMACHO130,$ 15.00,
MR113WWE,$ 106.27,
MR113WWWE,$ 106.27,
MR165WDNWE,$ 67.68,
MR165WDWE,$ 67.68,
MR165WDWWE,$ 67.68,
MR167WNWE,$ 38.67,
MR167WW3860,$ 98.62,
MR167WWE,$ 38.67,
MR167WWW3860,$ 98.62,
MR167WWWE,$ 38.67,
MR169WDNW,$ 83.16,
MR169WDW,$ 83.16,
MR169WDWW,$ 83.16,
MR169WNW,$ 55.38,
MR169WW,$ 55.38,
MR169WWW,$ 55.38,
NANOTRK10151MB,$ 488.99,
NANOTRK11382MB,"$ 1,562.86",
NANOTRK50151MB,$ 597.26,
P12W130VWWZ,$ 115.73,
P12W130VWZ,$ 115.73,
P15W130VWWC,$ 243.43,
P15W130VWWZ,$ 156.11,
P15W130VWZ,$ 156.11,
P5W130VWWZ,$ 55.17,
P5W130VWZ,$ 55.17,
P7W130VWWZ,$ 71.32,
P7W130VWZ,$ 71.32,
P8W130VWWC,$ 147.75,
PA0806,$ .00,
PA0806N,$ .00,
PA1004048WCBNW,$ 951.89,
PA1004048WCBWW,$ 951.89,
PA1004048WCNNW,$ 951.89,
PA1004048WCNWW,$ 951.89,
PA1207,$ .00,
PA1612,$ .00,
PA1612KIT.,$ 456.66,
PA1612N,$ .00,
PA1612NKIT.,$ 449.70,
PA1616,$ .00,
PA1616B,$ .00,
PA1616BKIT.,$ 370.42,
PA1616KIT.,$ 331.85,
PA1616N,$ .00,
PA1616NKIT.,$ 394.44,
PA1806,$ .00,
PA1806N,$ .00,
PA1911P,$ .00,
PA1911P100WAC,"$ 1,570.18",
PA1911P100WNAC,"$ 1,570.18",
PA1911P100WWAC,"$ 1,570.18",
PA1911P150WAC,"$ 2,357.87",
PA1911P150WNAC,"$ 2,357.87",
PA1911P150WWAC,"$ 2,357.87",
PA1911P200WAC,"$ 2,594.13",
PA1911P200WNAC,"$ 2,594.13",
PA1911P200WWAC,"$ 2,594.13",
PA1911PKIT.,"$ 1,076.47",
PA2013,$ .00,
PA2018,$ .00,
PA2018N,$ .00,
PA2210,$ .00,
PA2213,$ .00,
PA2213KIT,$ 444.81,
PA2411,$ .00,
PA2411KIT.,$ 469.11,
PA2411N,$ .00,
PA2411NKIT.,$ 801.23,
PA3006,$ .00,
PA3006KIT.,$ 791.94,
PA3030,$ .00,
PA3535,$ .00,
PA3535100NWAC,"$ 1,676.02",
PA3535100WAC,"$ 1,676.02",
PA3535100WWAC,"$ 1,676.02",
PA3535150NWAC,"$ 2,331.64",
PA3535150WAC,"$ 2,331.64",
PA3535150WWAC,"$ 2,331.64",
PA3535200NWAC,"$ 2,805.82",
PA3535200WAC,"$ 2,805.82",
PA3535200WWAC,"$ 2,805.82",
PA3535N,$ .00,
PA3535NCFL,$ .00,
PA3535NFL,$ .00,
PA3551NUGR1MWAC,"$ 2,055.46",
PA3551NUGR1MWNAC,"$ 2,055.46",
PA3551NUGR1MWWAC,"$ 2,055.46",
PA3551NUGR2MWAC,"$ 3,524.99",
PA3551NUGR2MWNAC,"$ 3,524.99",
PA3551NUGR2MWWAC,"$ 3,524.99",
PA3551UGR1MWAC,"$ 2,057.82",
PA3551UGR1MWNAC,"$ 2,057.82",
PA3551UGR1MWWAC,"$ 2,057.82",
PA3551UGR2MWAC,"$ 3,528.77",
PA3551UGR2MWNAC,"$ 3,528.77",
PA3551UGR2MWWAC,"$ 3,528.77",
PA4575A42WNWN,"$ 1,047.55",
PA4575A42WWWN,"$ 1,047.55",
PA4575B36WNWN,"$ 1,124.83",
PA4575B36WWWN,"$ 1,124.83",
PA4575C36WNWN,"$ 1,222.76",
PA4575C36WWWN,"$ 1,222.76",
PA5032,$ .00,
PA5175N1MWAC,"$ 2,652.72",
PA5175N1MWNAC,"$ 2,652.72",
PA5175N1MWWAC,"$ 2,652.72",
PA5175N2MWAC,"$ 4,673.21",
PA5175N2MWNAC,"$ 4,673.21",
PA5175N2MWWAC,"$ 4,673.21",
PA5270CBNW,"$ 2,488.52",
PA6114,$ .00,
PA704036WCBNW,$ 752.72,
PA704036WCBWW,$ 752.72,
PA704036WCNNW,$ 752.72,
PA704036WCNWW,$ 752.72,
PABYT03A,"$ 2,115.23",
PAR38SMD18W38NW,$ 575.48,
POSTE145HMZBD,"$ 1,875.92",
RBKBAR100CM,$ 63.46,
RBKBAR50CM,$ 31.11,
RBKBASSUJ,$ 94.56,
RBKBRCONEX2HCAB,$ 472.83,
RBKBRCONEX2M,$ 472.83,
RBKBRCONEX3HCAB,$ 772.62,
RBKBRCONEX3M,$ 772.62,
RBKBRCONIN2MH,$ 630.81,
RBKBRCONIN3MH,$ 961.81,
RBKCONBOX,$ 220.22,
RBKCONH90CABV,$ 189.13,
RBKCONH90V,$ 189.13,
RBKCONHHMTH,$ 267.52,
RBKCONHHMTH1,$ 243.87,
RBKCONHHMTH1,$ 243.87,
RBKCONHMMTHCAB,$ 267.52,
RBKCONM90CABV,$ 189.13,
RBKCONM90V,$ 189.13,
RBKCONMH180H,$ 267.52,
RBKCONMH90HL,$ 252.56,
RBKCONMH90HLCAB,$ 252.56,
RBKCONMH90HR,$ 252.56,
RBKCONMH90HRCAB,$ 252.56,
RBKCONMH90V,$ 267.52,
RBKCONMHHROT,$ 315.99,
RBKCONMHHROT,$ 315.99,
RBKCONMHROT,$ 267.52,
RBKCONMHROTV,$ 243.87,
RBKCONMHROTV,$ 243.87,
RBKCONMMHHX,$ 299.86,
RBKCONMMHROT,$ 315.99,
RBKCONMMHROT,$ 315.99,
RBKCOP180FLEX,$ 315.99,
RBKCOP180FLEX,$ 315.99,
RBKLTBASHCAB,$ 207.76,
RBKLTBASHCAB,$ 207.76,
RBKLTBASMCAB,$ 207.76,
RBKLTBASMCAB,$ 207.76,
RBKLTFLOOD10WNWB,$ 359.75,
RBKLTFLOOD10WNWB,$ 359.75,
RBKLTFLOOD10WWWB,$ 359.75,
RBKLTFLOOD10WWWB,$ 359.75,
RBKLTRECP12WNWB,$ 401.81,
RBKLTRECP12WNWB,$ 401.81,
RBKLTRECP12WWWB,$ 401.81,
RBKLTRECP12WWWB,$ 401.81,
RBKLTRECPD12WNWB,$ 804.98,
RBKLTRECPD12WNWB,$ 804.98,
RBKLTRECPD12WWWB,$ 804.98,
RBKLTRECPD12WWWB,$ 804.98,
RBKLTSPOT10WNWB,$ 704.15,
RBKLTSPOT10WNWB,$ 704.15,
RBKLTSPOT10WWWB,$ 704.15,
RBKLTSPOT10WWWB,$ 704.15,
RBKLTSUS4L34NW,"$ 2,549.22",
RBKLTSUS4L34NW,"$ 2,549.22",
RBKLTSUS4L34WW,"$ 2,549.22",
RBKLTSUS4L34WW,"$ 2,549.22",
RBKSU2L2R31WCCT,"$ 3,542.20",
RBKSU2L2R31WCCT,"$ 3,542.20",
RBKSUJ,$ 63.46,
RBKSUS2U35WCCT,"$ 4,608.04",
RBKSUS2U35WCCT,"$ 4,608.04",
RBKSUS3L24WCCT,"$ 3,125.23",
RBKSUS3L24WCCT,"$ 3,125.23",
RBKSUSLSC34WCCT,"$ 3,370.42",
RBKSUSLSC34WCCT,"$ 3,370.42",
RBKSUSP,$ 85.84,
RBKSUSP,$ 85.84,
RS153.3,"$ 1,174.56",
RVSCON,$ 337.47,
RVSCON,$ 337.47,
RVSCONCAB,$ 290.20,
RVSCONCAB,$ 290.20,
RVSCOPX,$ 658.69,
RVSCOPX,$ 658.69,
RVSSUJSOB,$ 394.74,
RVSSUJSOB,$ 394.74,
SETBRAPILUPA1401,$ 87.10,
SETBRATILUPA1401,$ 87.10,
SETCLIP1722C,$ 59.98,
SETCLIP3551C,$ 124.97,
SETCLIPILUPA3830,$ 63.79,
SETCLIPPA2403CO,$ 55.69,
SETCLIPPA5032,$ 61.20,
SETDIRBAS2310,$ 136.87,
SETILUDXA1812,$ 62.49,
SETILUDXA2512,$ 62.49,
SETILUPA07,$ 16.16,
SETILUPA07A,$ 17.49,
SETILUPA07AN,$ 30.18,
SETILUPA07AN,$ 30.18,
SETILUPA07N,$ 32.35,
SETILUPA07N,$ 32.35,
SETILUPA1205,$ 89.34,
SETILUPA1402,$ 27.37,
SETILUPA1402N,$ 35.02,
SETILUPA1402N,$ 35.02,
SETILUPA191B,$ 98.06,
SETILUPA191W,$ 98.06,
SETILUPA2403CO,$ 33.29,
SETILUPA2403CON,$ 40.72,
SETILUPA2403CON,$ 40.72,
SETILUPA2404CO,$ 21.15,
SETILUPA2404CON,$ 40.72,
SETILUPA2404CON,$ 40.72,
SETILUPA3830,$ 40.24,
SETMAG1722,$ 28.74,
SLESAU10,"$ 23,721.93",
SOLILUDXA,$ 111.99,
SOLILUPA3030,$ 199.07,
SPLICEMAGHB,$ 169.95,
STBRAPILUPA1401N,$ 97.77,
STBRAPILUPA1401N,$ 97.77,
STBRATILUPA1401N,$ 101.85,
STBRATILUPA1401N,$ 101.85,
STICKCW4,"$ 25,995.76",
STICKDE3,"$ 47,545.73",
SUSPDW,$ 38.07,
SUSPDW,$ 38.07,
SWTOUCH1224VDC,$ 423.05,
T8CRISTAL120W,$ 102.11,
T8CRISTAL120WT,$ .00,
TAPA1722,$ 19.99,
TAPA1722C,$ 24.99,
TAPA1722N,$ 19.99,
TAPA1722NC,$ 24.99,
TAPA3551,$ 124.42,
TAPA3551C,$ 124.97,
TAPA3551N,$ 124.42,
TAPA3551NC,$ 124.96,
TAPA5175N,$ 79.64,
TAPATRK10151MB,$ 12.44,
TAPATRK11382MB,$ 74.66,
TAPATRK50151MB,$ 12.44,
TAPLAT1616,$ 17.42,
TAPLAT1616B,$ 34.29,
TAPLAT1616N,$ 18.56,
TAPLAT1806,$ 27.39,
TAPLAT1806N,$ 40.78,
TAPLAT1911P,$ 37.33,
TAPLAT2013,$ 18.32,
TAPLAT2013,$ 18.32,
TAPLAT2213,$ 16.16,
TAPLAT2216,$ 21.15,
TAPLAT2216N,$ 31.84,
TAPLAT2216N,$ 31.84,
TAPLAT2411,$ 16.09,
TAPLAT2411N,$ 32.62,
TAPLAT2411N,$ 32.62,
TAPLAT30,$ 44.65,
TAPLAT3006,$ 36.43,
TAPLAT3030,$ 129.41,
TAPLAT3535,$ 43.71,
TAPLAT3535N,$ 110.43,
TAPLAT3535N,$ 110.43,
TAPLAT3535NCFL,$ 324.41,
TAPLAT3535NCFL,$ 324.41,
TAPLAT3535NFL,$ 324.69,
TAPLAT3535NFL,$ 324.69,
TAPLAT5032,$ 61.20,
TAPLAT525,$ 17.49,
TAPLAT525N,$ 120.33,
TAPLAT525N,$ 120.33,
TAPLAT60,$ 91.79,
TAPLAT6114,$ 11.14,
TAPLAT6114,$ 11.14,
TAPLAT646,$ 10.00,
TAPLAT647,$ 14.88,
TAPLATILUPA1005,$ 15.01,
TAPLATILUPA1009,$ 15.01,
TAPLATILUPA109,$ 16.12,
TAPLATILUPA109N,$ 16.42,
TAPLATILUPA1205,$ 20.58,
TAPLATILUPA1205N,$ 21.53,
TAPLATILUPA1205N,$ 21.53,
TAPLATILUPA2310,$ 27.14,
TAPLATILUPA2408N,$ 18.66,
TAPLATPA0806,$ 26.09,
TAPLATPA0806N,$ 27.95,
TAPLATPA1207,$ 27.95,
TAPLATPA2018,$ 24.02,
TAPLATPA2018N,$ 25.47,
TAPLATPA2018N,$ 25.47,
TAPLATPA2210,$ 27.95,
TERMOTL28355050,$ 24.26,
TERMOTL9MM,$ 24.26,
TERMOTL9MM,$ 24.26,
TOR15MM3006,$ 13.10,
TUBBLACK1.5M,$ .00,
TUBBLACK2M,$ .00,
TUBBLACK3M,$ .00,
TUBBRUSH1.5M,$ .00,
TUBBRUSH2M,$ .00,
TUBBRUSH3M,$ .00,
TUBGOLD1.5M,$ .00,
TYLWWW118RWI,"$ 1,286.62",
TYLWWW118RWWI,"$ 1,373.61",
TYLWWW124RWWI,"$ 1,837.63",
TYLWWW136RWWI,"$ 2,195.02",
VARIOS,$ .00,
VARIOS 1,$ .00,
WSCONIR24B,$ 238.03,
WS-K1008-12,$ 224.93,
WW12X2WW15X45,"$ 2,427.19",
WW18X2WW15X45,"$ 3,049.41",
WW9X2WW15X45,"$ 1,785.74",
YDC009,"$ 4,553.90",
YLC004,"$ 9,953.61",
ZHPG12100WHPFMV,"$ 1,238.01",
ZHPG12150WHPFMV,"$ 1,543.01",
ZHPG12200WHPFMV,"$ 1,798.28",
